com/fs/graphics/A/D	com/fs/graphics/super/D
com/fs/graphics/A/F	com/fs/graphics/super/return
com/fs/graphics/A/ooOOOOOOOOOOOOOOOOOOOOOOOOOOOOOOOOOOOOOOOOOOOOOOOOOOOOOOOOOOOOOOOOOOOOOOOOOOOOOOOOOOOOOOOOOOOOOOOOOOOOOOOOOOOOOOOOOOOOOOOOOOOOOOOOOOOOOOOOOOOOOOOOOOOOOOOOOOOOOOOOOOOOOOOOOOOOOOOOOOOOOOOOOOOOOOOOOOOOOOOOOOOOOOOOOOOOOOOOOOOOOOOOOOOOOOOOOOOOOOOOOOOOOOOOOOOOOO	com/fs/graphics/super/Object
com/fs/graphics/anim/AnimationManager	com/fs/graphics/anim/AnimationManager
com/fs/graphics/do	com/fs/graphics/M
com/fs/graphics/I	com/fs/graphics/I
com/fs/graphics/L	com/fs/graphics/L
com/fs/graphics/L$1	com/fs/graphics/L$1
com/fs/graphics/LayeredRenderable	com/fs/graphics/LayeredRenderable
com/fs/graphics/LayeredRenderer	com/fs/graphics/LayeredRenderer
com/fs/graphics/LayeredRenderer$1	com/fs/graphics/LayeredRenderer$1
com/fs/graphics/Object	com/fs/graphics/Object
com/fs/graphics/oOoO	com/fs/graphics/oOoO
com/fs/graphics/oOoO	com/fs/graphics/oOoO
com/fs/graphics/particle/DynamicParticleGroup	com/fs/graphics/particle/DynamicParticleGroup
com/fs/graphics/particle/GenericTextureParticle	com/fs/graphics/particle/GenericTextureParticle
com/fs/graphics/particle/NebulaParticle	com/fs/graphics/particle/NebulaParticle
com/fs/graphics/particle/NegativeParticle	com/fs/graphics/particle/NegativeParticle
com/fs/graphics/particle/SmoothParticle	com/fs/graphics/particle/SmoothParticle
com/fs/graphics/Sprite	com/fs/graphics/Sprite
com/fs/graphics/TextureLoader	com/fs/graphics/TextureLoader
com/fs/graphics/util/A	com/fs/graphics/util/super
com/fs/graphics/util/B	com/fs/graphics/util/B
com/fs/graphics/util/Fader	com/fs/graphics/util/Fader
com/fs/graphics/util/GLListManager	com/fs/graphics/util/GLListManager
com/fs/profiler/Profiler	com/fs/profiler/Profiler
com/fs/starfarer/BaseGameState	com/fs/starfarer/BaseGameState
com/fs/starfarer/campaign/CampaignEngine	com/fs/starfarer/campaign/CampaignEngine
com/fs/starfarer/campaign/CampaignState	com/fs/starfarer/campaign/CampaignState
com/fs/starfarer/campaign/CharacterStats	com/fs/starfarer/campaign/CharacterStats
com/fs/starfarer/campaign/fleet/FleetMember	com/fs/starfarer/campaign/fleet/FleetMember
com/fs/starfarer/campaign/rules/Memory	com/fs/starfarer/campaign/rules/Memory
com/fs/starfarer/campaign/rules/oOOO	com/fs/starfarer/campaign/rules/A
com/fs/starfarer/campaign/rules/OoOOOOOOOOOOOOOOOOOOOOOOOOOOOOOOOOOOOOOOOOOOOOOOOOOOOOOOOOOOOOOOOOOOOOOOOOOOOOOOOOOOOOOOOOOOOOOOOOOOOOOOOOOOOOOOOOOOOOOOOOOOOOOOOOOOOOOOOOOOOOOOOOOOOOOOOOOOOOOOOOOOOOOOOOOOOOOOOOOOOOOOOOOOOOOOOOOOOOOOOOOOOOOOOOOOOOOOOOOOOOOOOOOOOOOOOOOOOOOOOOOOOOOOOOOOOOOO	com/fs/starfarer/campaign/rules/B
com/fs/starfarer/campaign/rules/Rules	com/fs/starfarer/campaign/rules/Rules
com/fs/starfarer/campaign/save/B	com/fs/starfarer/campaign/save/B
com/fs/starfarer/campaign/save/B	com/fs/starfarer/campaign/save/B
com/fs/starfarer/campaign/WarpingSpriteRenderer	com/fs/starfarer/campaign/WarpingSpriteRenderer
com/fs/starfarer/class/C	com/fs/starfarer/E/ooOO
com/fs/starfarer/class/C/C	com/fs/starfarer/E/ooOO/C
com/fs/starfarer/class/C/oOoO	com/fs/starfarer/E/ooOO/G
com/fs/starfarer/class/I	com/fs/starfarer/E/int
com/fs/starfarer/class/new/C	com/fs/starfarer/E/OoOO/Object
com/fs/starfarer/class/new/return	com/fs/starfarer/E/OoOO/F
com/fs/starfarer/class/O0OO/C	com/fs/starfarer/E/String/D
com/fs/starfarer/codex2/CodexDialog	com/fs/starfarer/codex2/CodexDialog
com/fs/starfarer/combat/A/B	com/fs/starfarer/combat/oOOO/A
com/fs/starfarer/combat/A/B$o0	com/fs/starfarer/combat/oOOO/A$O0
com/fs/starfarer/combat/A/B$Oo	com/fs/starfarer/combat/oOOO/A$Oo
com/fs/starfarer/combat/A/E	com/fs/starfarer/combat/oOOO/E
com/fs/starfarer/combat/A/oOoO	com/fs/starfarer/combat/oOOO/return
com/fs/starfarer/combat/ai/admiral/AdmiralAI	com/fs/starfarer/combat/ai/admiral/AdmiralAI
com/fs/starfarer/combat/ai/admiral/G	com/fs/starfarer/combat/ai/admiral/G
com/fs/starfarer/combat/ai/admiral/G$o	com/fs/starfarer/combat/ai/admiral/G$o
com/fs/starfarer/combat/ai/AI	com/fs/starfarer/combat/ai/AI
com/fs/starfarer/combat/ai/BasicShipAI	com/fs/starfarer/combat/ai/BasicShipAI
com/fs/starfarer/combat/ai/M	com/fs/starfarer/combat/ai/M
com/fs/starfarer/combat/ai/M	com/fs/starfarer/combat/ai/M
com/fs/starfarer/combat/ai/movement/maneuvers/RetreatManeuver	com/fs/starfarer/combat/ai/movement/maneuvers/RetreatManeuver
com/fs/starfarer/combat/ai/N	com/fs/starfarer/combat/ai/L
com/fs/starfarer/combat/ai/o0oO	com/fs/starfarer/combat/ai/K
com/fs/starfarer/combat/ai/OmniShieldControlAI	com/fs/starfarer/combat/ai/OmniShieldControlAI
com/fs/starfarer/combat/ai/OO0O	com/fs/starfarer/combat/ai/while
com/fs/starfarer/combat/ai/ProximityFuseAI	com/fs/starfarer/combat/ai/ProximityFuseAI
com/fs/starfarer/combat/B	com/fs/starfarer/combat/B
com/fs/starfarer/combat/B	com/fs/starfarer/combat/B
com/fs/starfarer/combat/B$o	com/fs/starfarer/combat/B$o
com/fs/starfarer/combat/B$o	com/fs/starfarer/combat/B$o
com/fs/starfarer/combat/CombatEngine	com/fs/starfarer/combat/CombatEngine
com/fs/starfarer/combat/CombatEngine$1	com/fs/starfarer/combat/CombatEngine$1
com/fs/starfarer/combat/CombatEngine$2	com/fs/starfarer/combat/CombatEngine$2
com/fs/starfarer/combat/CombatEngine$3	com/fs/starfarer/combat/CombatEngine$3
com/fs/starfarer/combat/CombatFleetManager	com/fs/starfarer/combat/CombatFleetManager
com/fs/starfarer/combat/CombatFleetManager$DeploymentSpec	com/fs/starfarer/combat/CombatFleetManager$DeploymentSpec
com/fs/starfarer/combat/CombatFleetManager$O0	com/fs/starfarer/combat/CombatFleetManager$O0
com/fs/starfarer/combat/CombatFleetManager$oo	com/fs/starfarer/combat/CombatFleetManager$oo
com/fs/starfarer/combat/CombatMain	com/fs/starfarer/combat/CombatMain
com/fs/starfarer/combat/CombatState	com/fs/starfarer/combat/CombatState
com/fs/starfarer/combat/CombatState$1	com/fs/starfarer/combat/CombatState$1
com/fs/starfarer/combat/CombatState$o	com/fs/starfarer/combat/CombatState$o
com/fs/starfarer/combat/CombatState$Oo	com/fs/starfarer/combat/CombatState$Oo
com/fs/starfarer/combat/CombatViewport	com/fs/starfarer/combat/CombatViewport
com/fs/starfarer/combat/E	com/fs/starfarer/combat/E
com/fs/starfarer/combat/E	com/fs/starfarer/combat/E
com/fs/starfarer/combat/E/A/ooOO	com/fs/starfarer/combat/o0OO/A/ooOOOOOOOOOOOOOOOOOOOOOOOOOOOOOOOOOOOOOOOOOOOOOOOOOOOOOOOOOOOOOOOOOOOOOOOOOOOOOOOOOOOOOOOOOOOOOOOOOOOOOOOOOOOOOOOOOOOOOOOOOOOOOOOOOOOOOOOOOOOOOOOOOOOOOOOOOOOOOOOOOOOOOOOOOOOOOOOOOOOOOOOOOOOOOOOOOOOOOOOOOOOOOOOOOOOOOOOOOOOOOOOOOOOOOOOOOOOOOOOOOOOOOOOOOOOOOO
com/fs/starfarer/combat/E/A/ooOO$Oo	com/fs/starfarer/combat/o0OO/A/super
com/fs/starfarer/combat/E/B	com/fs/starfarer/combat/o0OO/B
com/fs/starfarer/combat/E/F	com/fs/starfarer/combat/o0OO/F
com/fs/starfarer/combat/E/G	com/fs/starfarer/combat/o0OO/oOoO
com/fs/starfarer/combat/E/oOOO	com/fs/starfarer/combat/o0OO/oOOO
com/fs/starfarer/combat/E$o	com/fs/starfarer/combat/E$o
com/fs/starfarer/combat/E$Oo	com/fs/starfarer/combat/E$Oo
com/fs/starfarer/combat/E$Oo	com/fs/starfarer/combat/E$Oo
com/fs/starfarer/combat/entities/BaseEntity	com/fs/starfarer/combat/entities/BaseEntity
com/fs/starfarer/combat/entities/BattleObjective	com/fs/starfarer/combat/entities/BattleObjective
com/fs/starfarer/combat/entities/C	com/fs/starfarer/combat/entities/C
com/fs/starfarer/combat/entities/ContrailEngine	com/fs/starfarer/combat/entities/ContrailEngine
com/fs/starfarer/combat/entities/CustomCombatEntity	com/fs/starfarer/combat/entities/CustomCombatEntity
com/fs/starfarer/combat/entities/DamagingExplosion	com/fs/starfarer/combat/entities/DamagingExplosion
com/fs/starfarer/combat/entities/if	com/fs/starfarer/combat/entities/O0oO
com/fs/starfarer/combat/entities/Missile	com/fs/starfarer/combat/entities/Missile
com/fs/starfarer/combat/entities/MovingRay	com/fs/starfarer/combat/entities/MovingRay
com/fs/starfarer/combat/entities/oO0OOOOOOOOOOOOOOOOOOOOOOOOOOOOOOOOOOOOOOOOOOOOOOOOOOOOOOOOOOOOOOOOOOOOOOOOOOOOOOOOOOOOOOOOOOOOOOOOOOOOOOOOOOOOOOOOOOOOOOOOOOOOOOOOOOOOOOOOOOOOOOOOOOOOOOOOOOOOOOOOOOOOOOOOOOOOOOOOOOOOOOOOOOOOOOOOOOOOOOOOOOOOOOOOOOOOOOOOOOOOOOOOOOOOOOOOOOOOOOOOOOOOOOOOOOOOO	com/fs/starfarer/combat/entities/oO0O
com/fs/starfarer/combat/entities/Ship	com/fs/starfarer/combat/entities/Ship
com/fs/starfarer/combat/entities/ship/A/class	com/fs/starfarer/combat/entities/ship/A/E
com/fs/starfarer/combat/entities/ship/A/I	com/fs/starfarer/combat/entities/ship/A/I
com/fs/starfarer/combat/entities/ship/A/OooO	com/fs/starfarer/combat/entities/ship/A/null
com/fs/starfarer/combat/entities/ship/A/OoOO	com/fs/starfarer/combat/entities/ship/A/ooOO
com/fs/starfarer/combat/entities/ship/D	com/fs/starfarer/combat/entities/ship/String
com/fs/starfarer/combat/entities/ship/o0OO	com/fs/starfarer/combat/entities/ship/E
com/fs/starfarer/combat/entities/Ship$oo	com/fs/starfarer/combat/entities/Ship$oo
com/fs/starfarer/combat/entities/Ship$Oo	com/fs/starfarer/combat/entities/Ship$Oo
com/fs/starfarer/combat/entities/Ship$ShipAIWrapper	com/fs/starfarer/combat/entities/Ship$ShipAIWrapper
com/fs/starfarer/combat/entities/terrain/A	com/fs/starfarer/combat/entities/terrain/A
com/fs/starfarer/combat/entities/terrain/A	com/fs/starfarer/combat/entities/terrain/A
com/fs/starfarer/combat/entities/terrain/Asteroid	com/fs/starfarer/combat/entities/terrain/Asteroid
com/fs/starfarer/combat/entities/terrain/Planet	com/fs/starfarer/combat/entities/terrain/Planet
com/fs/starfarer/combat/H	com/fs/starfarer/combat/null
com/fs/starfarer/combat/K	com/fs/starfarer/combat/K
com/fs/starfarer/combat/L	com/fs/starfarer/combat/OO0O
com/fs/starfarer/combat/new/int	com/fs/starfarer/combat/B/M
com/fs/starfarer/combat/new/OoOO	com/fs/starfarer/combat/B/ooOOOOOOOOOOOOOOOOOOOOOOOOOOOOOOOOOOOOOOOOOOOOOOOOOOOOOOOOOOOOOOOOOOOOOOOOOOOOOOOOOOOOOOOOOOOOOOOOOOOOOOOOOOOOOOOOOOOOOOOOOOOOOOOOOOOOOOOOOOOOOOOOOOOOOOOOOOOOOOOOOOOOOOOOOOOOOOOOOOOOOOOOOOOOOOOOOOOOOOOOOOOOOOOOOOOOOOOOOOOOOOOOOOOOOOOOOOOOOOOOOOOOOOOOOOOOOO
com/fs/starfarer/combat/new/OoOO$o	com/fs/starfarer/combat/B/ooOOOOOOOOOOOOOOOOOOOOOOOOOOOOOOOOOOOOOOOOOOOOOOOOOOOOOOOOOOOOOOOOOOOOOOOOOOOOOOOOOOOOOOOOOOOOOOOOOOOOOOOOOOOOOOOOOOOOOOOOOOOOOOOOOOOOOOOOOOOOOOOOOOOOOOOOOOOOOOOOOOOOOOOOOOOOOOOOOOOOOOOOOOOOOOOOOOOOOOOOOOOOOOOOOOOOOOOOOOOOOOOOOOOOOOOOOOOOOOOOOOOOOOOOOOOOOO$o
com/fs/starfarer/combat/new/T	com/fs/starfarer/combat/B/OoOoOOOOOOOOOOOOOOOOOOOOOOOOOOOOOOOOOOOOOOOOOOOOOOOOOOOOOOOOOOOOOOOOOOOOOOOOOOOOOOOOOOOOOOOOOOOOOOOOOOOOOOOOOOOOOOOOOOOOOOOOOOOOOOOOOOOOOOOOOOOOOOOOOOOOOOOOOOOOOOOOOOOOOOOOOOOOOOOOOOOOOOOOOOOOOOOOOOOOOOOOOOOOOOOOOOOOOOOOOOOOOOOOOOOOOOOOOOOOOOOOOOOOOOOOOOOO
com/fs/starfarer/combat/O	com/fs/starfarer/combat/oo0O
com/fs/starfarer/combat/O0OO	com/fs/starfarer/combat/O0OOOOOOOOOOOOOOOOOOOOOOOOOOOOOOOOOOOOOOOOOOOOOOOOOOOOOOOOOOOOOOOOOOOOOOOOOOOOOOOOOOOOOOOOOOOOOOOOOOOOOOOOOOOOOOOOOOOOOOOOOOOOOOOOOOOOOOOOOOOOOOOOOOOOOOOOOOOOOOOOOOOOOOOOOOOOOOOOOOOOOOOOOOOOOOOOOOOOOOOOOOOOOOOOOOOOOOOOOOOOOOOOOOOOOOOOOOOOOOOOOOOOOOOOOOOOOO
com/fs/starfarer/combat/Object/oOOO	com/fs/starfarer/combat/Object/A
com/fs/starfarer/combat/Object/String	com/fs/starfarer/combat/Object/E
com/fs/starfarer/combat/oOOO	com/fs/starfarer/combat/A
com/fs/starfarer/combat/oooO	com/fs/starfarer/combat/oooO
com/fs/starfarer/combat/OOOo	com/fs/starfarer/combat/P
com/fs/starfarer/combat/OOoOOOOOOOOOOOOOOOOOOOOOOOOOOOOOOOOOOOOOOOOOOOOOOOOOOOOOOOOOOOOOOOOOOOOOOOOOOOOOOOOOOOOOOOOOOOOOOOOOOOOOOOOOOOOOOOOOOOOOOOOOOOOOOOOOOOOOOOOOOOOOOOOOOOOOOOOOOOOOOOOOOOOOOOOOOOOOOOOOOOOOOOOOOOOOOOOOOOOOOOOOOOOOOOOOOOOOOOOOOOOOOOOOOOOOOOOOOOOOOOOOOOOOOOOOOOOO	com/fs/starfarer/combat/OOoO
com/fs/starfarer/combat/private	com/fs/starfarer/combat/interface
com/fs/starfarer/combat/Q	com/fs/starfarer/combat/R
com/fs/starfarer/combat/String/B	com/fs/starfarer/combat/D/OoOOOOOOOOOOOOOOOOOOOOOOOOOOOOOOOOOOOOOOOOOOOOOOOOOOOOOOOOOOOOOOOOOOOOOOOOOOOOOOOOOOOOOOOOOOOOOOOOOOOOOOOOOOOOOOOOOOOOOOOOOOOOOOOOOOOOOOOOOOOOOOOOOOOOOOOOOOOOOOOOOOOOOOOOOOOOOOOOOOOOOOOOOOOOOOOOOOOOOOOOOOOOOOOOOOOOOOOOOOOOOOOOOOOOOOOOOOOOOOOOOOOOOOOOOOOOOO
com/fs/starfarer/combat/systems/EmpArcEntity	com/fs/starfarer/combat/systems/EmpArcEntity
com/fs/starfarer/combat/systems/EmpArcVisual	com/fs/starfarer/combat/systems/EmpArcVisual
com/fs/starfarer/combat/systems/F	com/fs/starfarer/combat/systems/F
com/fs/starfarer/combat/systems/o00O	com/fs/starfarer/combat/systems/Q
com/fs/starfarer/combat/systems/WeaponGroup	com/fs/starfarer/combat/systems/WeaponGroup
com/fs/starfarer/combat/tasks/CombatTask	com/fs/starfarer/combat/tasks/CombatTask
com/fs/starfarer/combat/tasks/CombatTask$CombatTaskType	com/fs/starfarer/combat/tasks/CombatTask$CombatTaskType
com/fs/starfarer/combat/tasks/CombatTaskManager	com/fs/starfarer/combat/tasks/CombatTaskManager
com/fs/starfarer/combat/tasks/Object	com/fs/starfarer/combat/tasks/C
com/fs/starfarer/combat/tasks/Object$o	com/fs/starfarer/combat/tasks/C$o
com/fs/starfarer/coreui/refit/auto/OOoO	com/fs/starfarer/coreui/refit/auto/F
com/fs/starfarer/D/M	com/fs/starfarer/O0OO/OO0O
com/fs/starfarer/D/return	com/fs/starfarer/O0OO/I
com/fs/starfarer/launcher/ModManager	com/fs/starfarer/launcher/ModManager
com/fs/starfarer/launcher/ModManager$ModSpec	com/fs/starfarer/launcher/ModManager$ModSpec
com/fs/starfarer/launcher/ModManager$VersionInfo	com/fs/starfarer/launcher/ModManager$VersionInfo
com/fs/starfarer/launcher/ooOO	com/fs/starfarer/launcher/Object
com/fs/starfarer/launcher/opengl/F	com/fs/starfarer/launcher/opengl/F
com/fs/starfarer/launcher/opengl/GLLauncher	com/fs/starfarer/launcher/opengl/GLLauncher
com/fs/starfarer/launcher/StarfarerLauncherUI	com/fs/starfarer/launcher/StarfarerLauncherUI
com/fs/starfarer/loading/A	com/fs/starfarer/loading/A
com/fs/starfarer/loading/B	com/fs/starfarer/loading/new
com/fs/starfarer/loading/C	com/fs/starfarer/loading/C
com/fs/starfarer/loading/FighterWingSpreadsheetLoader	com/fs/starfarer/loading/FighterWingSpreadsheetLoader
com/fs/starfarer/loading/FleetCreationSpec	com/fs/starfarer/loading/FleetCreationSpec
com/fs/starfarer/loading/int	com/fs/starfarer/loading/oooO
com/fs/starfarer/loading/K	com/fs/starfarer/loading/o0oOOOOOOOOOOOOOOOOOOOOOOOOOOOOOOOOOOOOOOOOOOOOOOOOOOOOOOOOOOOOOOOOOOOOOOOOOOOOOOOOOOOOOOOOOOOOOOOOOOOOOOOOOOOOOOOOOOOOOOOOOOOOOOOOOOOOOOOOOOOOOOOOOOOOOOOOOOOOOOOOOOOOOOOOOOOOOOOOOOOOOOOOOOOOOOOOOOOOOOOOOOOOOOOOOOOOOOOOOOOOOOOOOOOOOOOOOOOOOOOOOOOOOOOOOOOOO
com/fs/starfarer/loading/L	com/fs/starfarer/loading/for
com/fs/starfarer/loading/LoadingUtils	com/fs/starfarer/loading/LoadingUtils
com/fs/starfarer/loading/o0OO	com/fs/starfarer/loading/E
com/fs/starfarer/loading/O0oO	com/fs/starfarer/loading/if
com/fs/starfarer/loading/O0Oo	com/fs/starfarer/loading/V
com/fs/starfarer/loading/O0oO$o	com/fs/starfarer/loading/if$o
com/fs/starfarer/loading/Objectsuper	com/fs/starfarer/loading/ooOo
com/fs/starfarer/loading/oO0O	com/fs/starfarer/loading/M
com/fs/starfarer/loading/oo0O	com/fs/starfarer/loading/O
com/fs/starfarer/loading/OOoOOOOOOOOOOOOOOOOOOOOOOOOOOOOOOOOOOOOOOOOOOOOOOOOOOOOOOOOOOOOOOOOOOOOOOOOOOOOOOOOOOOOOOOOOOOOOOOOOOOOOOOOOOOOOOOOOOOOOOOOOOOOOOOOOOOOOOOOOOOOOOOOOOOOOOOOOOOOOOOOOOOOOOOOOOOOOOOOOOOOOOOOOOOOOOOOOOOOOOOOOOOOOOOOOOOOOOOOOOOOOOOOOOOOOOOOOOOOOOOOOOOOOOOOOOOOO	com/fs/starfarer/loading/F
com/fs/starfarer/loading/P	com/fs/starfarer/loading/private
com/fs/starfarer/loading/PersonNameStore	com/fs/starfarer/loading/PersonNameStore
com/fs/starfarer/loading/Q	com/fs/starfarer/loading/o00O
com/fs/starfarer/loading/R	com/fs/starfarer/loading/R
com/fs/starfarer/loading/ResourceLoaderState	com/fs/starfarer/loading/ResourceLoaderState
com/fs/starfarer/loading/ResourceLoaderState$o	com/fs/starfarer/loading/ResourceLoaderState$o
com/fs/starfarer/loading/ResourceLoaderState$Oo	com/fs/starfarer/loading/ResourceLoaderState$Oo
com/fs/starfarer/loading/S	com/fs/starfarer/loading/supersuper
com/fs/starfarer/loading/scripts/B	com/fs/starfarer/loading/scripts/new
com/fs/starfarer/loading/scripts/ScriptStore	com/fs/starfarer/loading/scripts/ScriptStore
com/fs/starfarer/loading/scripts/ScriptStore$1	com/fs/starfarer/loading/scripts/ScriptStore$1
com/fs/starfarer/loading/scripts/ScriptStore$2	com/fs/starfarer/loading/scripts/ScriptStore$2
com/fs/starfarer/loading/scripts/ScriptStore$3	com/fs/starfarer/loading/scripts/ScriptStore$3
com/fs/starfarer/loading/ShipHullSpecLoader	com/fs/starfarer/loading/ShipHullSpecLoader
com/fs/starfarer/loading/ShipHullSpreadsheetLoader	com/fs/starfarer/loading/ShipHullSpreadsheetLoader
com/fs/starfarer/loading/ShipNameStore	com/fs/starfarer/loading/ShipNameStore
com/fs/starfarer/loading/SkillSpec	com/fs/starfarer/loading/SkillSpec
com/fs/starfarer/loading/SkillSpec$SkillEffectSpec	com/fs/starfarer/loading/SkillSpec$SkillEffectSpec
com/fs/starfarer/loading/specs/_	com/fs/starfarer/loading/specs/intsuper
com/fs/starfarer/loading/specs/a	com/fs/starfarer/loading/specs/a
com/fs/starfarer/loading/specs/b	com/fs/starfarer/loading/specs/floatsuper
com/fs/starfarer/loading/specs/BaseWeaponSpec	com/fs/starfarer/loading/specs/BaseWeaponSpec
com/fs/starfarer/loading/specs/do	com/fs/starfarer/loading/specs/M
com/fs/starfarer/loading/specs/e	com/fs/starfarer/loading/specs/e
com/fs/starfarer/loading/specs/F	com/fs/starfarer/loading/specs/oooO
com/fs/starfarer/loading/specs/FactionDoctrine	com/fs/starfarer/loading/specs/FactionDoctrine
com/fs/starfarer/loading/specs/FighterWingSpec	com/fs/starfarer/loading/specs/FighterWingSpec
com/fs/starfarer/loading/specs/forsuper	com/fs/starfarer/loading/specs/c
com/fs/starfarer/loading/specs/g	com/fs/starfarer/loading/specs/g
com/fs/starfarer/loading/specs/H	com/fs/starfarer/loading/specs/H
com/fs/starfarer/loading/specs/HullVariantSpec	com/fs/starfarer/loading/specs/HullVariantSpec
com/fs/starfarer/loading/specs/int	com/fs/starfarer/loading/specs/oooO
com/fs/starfarer/loading/specs/J	com/fs/starfarer/loading/specs/if
com/fs/starfarer/loading/specs/K	com/fs/starfarer/loading/specs/K
com/fs/starfarer/loading/specs/nullsuper	com/fs/starfarer/loading/specs/Y
com/fs/starfarer/loading/specs/nullsuper$o	com/fs/starfarer/loading/specs/Y$o
com/fs/starfarer/loading/specs/o00o	com/fs/starfarer/loading/specs/FactionProduction
com/fs/starfarer/loading/specs/O00O	com/fs/starfarer/loading/specs/O
com/fs/starfarer/loading/specs/O0OOOOOOOOOOOOOOOOOOOOOOOOOOOOOOOOOOOOOOOOOOOOOOOOOOOOOOOOOOOOOOOOOOOOOOOOOOOOOOOOOOOOOOOOOOOOOOOOOOOOOOOOOOOOOOOOOOOOOOOOOOOOOOOOOOOOOOOOOOOOOOOOOOOOOOOOOOOOOOOOOOOOOOOOOOOOOOOOOOOOOOOOOOOOOOOOOOOOOOOOOOOOOOOOOOOOOOOOOOOOOOOOOOOOOOOOOOOOOOOOOOOOOOOOOOOOOO	com/fs/starfarer/loading/specs/O0OO
com/fs/starfarer/loading/specs/O0OOOOOOOOOOOOOOOOOOOOOOOOOOOOOOOOOOOOOOOOOOOOOOOOOOOOOOOOOOOOOOOOOOOOOOOOOOOOOOOOOOOOOOOOOOOOOOOOOOOOOOOOOOOOOOOOOOOOOOOOOOOOOOOOOOOOOOOOOOOOOOOOOOOOOOOOOOOOOOOOOOOOOOOOOOOOOOOOOOOOOOOOOOOOOOOOOOOOOOOOOOOOOOOOOOOOOOOOOOOOOOOOOOOOOOOOOOOOOOOOOOOOOOOOOOOOOO$Oo	com/fs/starfarer/loading/specs/O0OO$Oo
com/fs/starfarer/loading/specs/Object	com/fs/starfarer/loading/specs/Object
com/fs/starfarer/loading/specs/oO0o	com/fs/starfarer/loading/specs/d
com/fs/starfarer/loading/specs/Oo0O	com/fs/starfarer/loading/specs/N
com/fs/starfarer/loading/specs/oo0o	com/fs/starfarer/loading/specs/oo0o
com/fs/starfarer/loading/specs/Oo0O$Oo	com/fs/starfarer/loading/specs/N$Oo
com/fs/starfarer/loading/specs/OOO0	com/fs/starfarer/loading/specs/Oooo
com/fs/starfarer/loading/specs/oOOO	com/fs/starfarer/loading/specs/oOOO
com/fs/starfarer/loading/specs/OOOo	com/fs/starfarer/loading/specs/OOOo
com/fs/starfarer/loading/specs/oOOo	com/fs/starfarer/loading/specs/oOOoOOOOOOOOOOOOOOOOOOOOOOOOOOOOOOOOOOOOOOOOOOOOOOOOOOOOOOOOOOOOOOOOOOOOOOOOOOOOOOOOOOOOOOOOOOOOOOOOOOOOOOOOOOOOOOOOOOOOOOOOOOOOOOOOOOOOOOOOOOOOOOOOOOOOOOOOOOOOOOOOOOOOOOOOOOOOOOOOOOOOOOOOOOOOOOOOOOOOOOOOOOOOOOOOOOOOOOOOOOOOOOOOOOOOOOOOOOOOOOOOOOOOOOOOOOOO
com/fs/starfarer/loading/specs/OoOO	com/fs/starfarer/loading/specs/OoOOOOOOOOOOOOOOOOOOOOOOOOOOOOOOOOOOOOOOOOOOOOOOOOOOOOOOOOOOOOOOOOOOOOOOOOOOOOOOOOOOOOOOOOOOOOOOOOOOOOOOOOOOOOOOOOOOOOOOOOOOOOOOOOOOOOOOOOOOOOOOOOOOOOOOOOOOOOOOOOOOOOOOOOOOOOOOOOOOOOOOOOOOOOOOOOOOOOOOOOOOOOOOOOOOOOOOOOOOOOOOOOOOOOOOOOOOOOOOOOOOOOOOOOOOOOOO
com/fs/starfarer/loading/specs/PlanetSpec	com/fs/starfarer/loading/specs/PlanetSpec
com/fs/starfarer/loading/specs/Q	com/fs/starfarer/loading/specs/Q
com/fs/starfarer/loading/specs/Stringsuper	com/fs/starfarer/loading/specs/Stringsuper
com/fs/starfarer/loading/specs/W	com/fs/starfarer/loading/specs/W
com/fs/starfarer/loading/specs/X	com/fs/starfarer/loading/specs/X
com/fs/starfarer/loading/SpecStore	com/fs/starfarer/loading/SpecStore
com/fs/starfarer/loading/SpecStore$1	com/fs/starfarer/loading/SpecStore$1
com/fs/starfarer/loading/SpecStore$10	com/fs/starfarer/loading/SpecStore$10
com/fs/starfarer/loading/SpecStore$11	com/fs/starfarer/loading/SpecStore$11
com/fs/starfarer/loading/SpecStore$12	com/fs/starfarer/loading/SpecStore$12
com/fs/starfarer/loading/SpecStore$13	com/fs/starfarer/loading/SpecStore$13
com/fs/starfarer/loading/SpecStore$14	com/fs/starfarer/loading/SpecStore$14
com/fs/starfarer/loading/SpecStore$15	com/fs/starfarer/loading/SpecStore$15
com/fs/starfarer/loading/SpecStore$16	com/fs/starfarer/loading/SpecStore$16
com/fs/starfarer/loading/SpecStore$17	com/fs/starfarer/loading/SpecStore$17
com/fs/starfarer/loading/SpecStore$18	com/fs/starfarer/loading/SpecStore$18
com/fs/starfarer/loading/SpecStore$19	com/fs/starfarer/loading/SpecStore$19
com/fs/starfarer/loading/SpecStore$2	com/fs/starfarer/loading/SpecStore$2
com/fs/starfarer/loading/SpecStore$20	com/fs/starfarer/loading/SpecStore$20
com/fs/starfarer/loading/SpecStore$21	com/fs/starfarer/loading/SpecStore$21
com/fs/starfarer/loading/SpecStore$22	com/fs/starfarer/loading/SpecStore$22
com/fs/starfarer/loading/SpecStore$23	com/fs/starfarer/loading/SpecStore$23
com/fs/starfarer/loading/SpecStore$24	com/fs/starfarer/loading/SpecStore$24
com/fs/starfarer/loading/SpecStore$25	com/fs/starfarer/loading/SpecStore$25
com/fs/starfarer/loading/SpecStore$26	com/fs/starfarer/loading/SpecStore$26
com/fs/starfarer/loading/SpecStore$3	com/fs/starfarer/loading/SpecStore$3
com/fs/starfarer/loading/SpecStore$4	com/fs/starfarer/loading/SpecStore$4
com/fs/starfarer/loading/SpecStore$5	com/fs/starfarer/loading/SpecStore$5
com/fs/starfarer/loading/SpecStore$6	com/fs/starfarer/loading/SpecStore$6
com/fs/starfarer/loading/SpecStore$7	com/fs/starfarer/loading/SpecStore$7
com/fs/starfarer/loading/SpecStore$8	com/fs/starfarer/loading/SpecStore$8
com/fs/starfarer/loading/SpecStore$9	com/fs/starfarer/loading/SpecStore$9
com/fs/starfarer/loading/SpecStore$o	com/fs/starfarer/loading/SpecStore$o
com/fs/starfarer/loading/SpecStore$Oo	com/fs/starfarer/loading/SpecStore$Oo
com/fs/starfarer/loading/StarfarerStrings	com/fs/starfarer/loading/StarfarerStrings
com/fs/starfarer/loading/String	com/fs/starfarer/loading/O0OO
com/fs/starfarer/loading/T	com/fs/starfarer/loading/T
com/fs/starfarer/loading/WeaponSpecLoader	com/fs/starfarer/loading/WeaponSpecLoader
com/fs/starfarer/loading/WeaponSpreadsheetLoader	com/fs/starfarer/loading/WeaponSpreadsheetLoader
com/fs/starfarer/loading/X	com/fs/starfarer/loading/OOoo
com/fs/starfarer/O0OO	com/fs/starfarer/String
com/fs/starfarer/ooOO	com/fs/starfarer/ooOOOOOOOOOOOOOOOOOOOOOOOOOOOOOOOOOOOOOOOOOOOOOOOOOOOOOOOOOOOOOOOOOOOOOOOOOOOOOOOOOOOOOOOOOOOOOOOOOOOOOOOOOOOOOOOOOOOOOOOOOOOOOOOOOOOOOOOOOOOOOOOOOOOOOOOOOOOOOOOOOOOOOOOOOOOOOOOOOOOOOOOOOOOOOOOOOOOOOOOOOOOOOOOOOOOOOOOOOOOOOOOOOOOOOOOOOOOOOOOOOOOOOOOOOOOOOO
com/fs/starfarer/prototype/Utils	com/fs/starfarer/prototype/Utils
com/fs/starfarer/renderers/A/C	com/fs/starfarer/renderers/A/new
com/fs/starfarer/renderers/A/null	com/fs/starfarer/renderers/A/OooO
com/fs/starfarer/renderers/B	com/fs/starfarer/renderers/B
com/fs/starfarer/renderers/damage/DebrisParticleSystem	com/fs/starfarer/renderers/damage/DebrisParticleSystem
com/fs/starfarer/renderers/damage/DebrisParticleSystem$o	com/fs/starfarer/renderers/damage/DebrisParticleSystem$o
com/fs/starfarer/renderers/damage/ExplosionParticleSystem	com/fs/starfarer/renderers/damage/ExplosionParticleSystem
com/fs/starfarer/renderers/damage/OooO	com/fs/starfarer/renderers/damage/H
com/fs/starfarer/renderers/fx/DetailedSmokeParticle	com/fs/starfarer/renderers/fx/DetailedSmokeParticle
com/fs/starfarer/renderers/H	com/fs/starfarer/renderers/H
com/fs/starfarer/renderers/L	com/fs/starfarer/renderers/Object
com/fs/starfarer/renderers/L$Oo	com/fs/starfarer/renderers/OO0OOOOOOOOOOOOOOOOOOOOOOOOOOOOOOOOOOOOOOOOOOOOOOOOOOOOOOOOOOOOOOOOOOOOOOOOOOOOOOOOOOOOOOOOOOOOOOOOOOOOOOOOOOOOOOOOOOOOOOOOOOOOOOOOOOOOOOOOOOOOOOOOOOOOOOOOOOOOOOOOOOOOOOOOOOOOOOOOOOOOOOOOOOOOOOOOOOOOOOOOOOOOOOOOOOOOOOOOOOOOOOOOOOOOOOOOOOOOOOOOOOOOOOOOOOOOO$Oo
com/fs/starfarer/renderers/O	com/fs/starfarer/renderers/public
com/fs/starfarer/renderers/Q	com/fs/starfarer/renderers/Q
com/fs/starfarer/renderers/super	com/fs/starfarer/renderers/A
com/fs/starfarer/return/OoOOOOOOOOOOOOOOOOOOOOOOOOOOOOOOOOOOOOOOOOOOOOOOOOOOOOOOOOOOOOOOOOOOOOOOOOOOOOOOOOOOOOOOOOOOOOOOOOOOOOOOOOOOOOOOOOOOOOOOOOOOOOOOOOOOOOOOOOOOOOOOOOOOOOOOOOOOOOOOOOOOOOOOOOOOOOOOOOOOOOOOOOOOOOOOOOOOOOOOOOOOOOOOOOOOOOOOOOOOOOOOOOOOOOOOOOOOOOOOOOOOOOOOOOOOOOOO	com/fs/starfarer/F/B
com/fs/starfarer/return/OoOOOOOOOOOOOOOOOOOOOOOOOOOOOOOOOOOOOOOOOOOOOOOOOOOOOOOOOOOOOOOOOOOOOOOOOOOOOOOOOOOOOOOOOOOOOOOOOOOOOOOOOOOOOOOOOOOOOOOOOOOOOOOOOOOOOOOOOOOOOOOOOOOOOOOOOOOOOOOOOOOOOOOOOOOOOOOOOOOOOOOOOOOOOOOOOOOOOOOOOOOOOOOOOOOOOOOOOOOOOOOOOOOOOOOOOOOOOOOOOOOOOOOOOOOOOOOO$o	com/fs/starfarer/F/B$o
com/fs/starfarer/rpg/oOOOOOOOOOOOOOOOOOOOOOOOOOOOOOOOOOOOOOOOOOOOOOOOOOOOOOOOOOOOOOOOOOOOOOOOOOOOOOOOOOOOOOOOOOOOOOOOOOOOOOOOOOOOOOOOOOOOOOOOOOOOOOOOOOOOOOOOOOOOOOOOOOOOOOOOOOOOOOOOOOOOOOOOOOOOOOOOOOOOOOOOOOOOOOOOOOOOOOOOOOOOOOOOOOOOOOOOOOOOOOOOOOOOOOOOOOOOOOOOOOOOOOOOOOOOOOOO	com/fs/starfarer/rpg/A
com/fs/starfarer/rpg/Person	com/fs/starfarer/rpg/Person
com/fs/starfarer/settings/A	com/fs/starfarer/settings/A
com/fs/starfarer/settings/StarfarerSettings	com/fs/starfarer/settings/StarfarerSettings
com/fs/starfarer/StarfarerLauncher	com/fs/starfarer/StarfarerLauncher
com/fs/starfarer/StarfarerLauncher$1	com/fs/starfarer/StarfarerLauncher$1
com/fs/starfarer/StarfarerLauncher$2	com/fs/starfarer/StarfarerLauncher$2
com/fs/starfarer/super	com/fs/starfarer/oOOO
com/fs/starfarer/title/Object/A/ooOO	com/fs/starfarer/title/Object/oOOO/C
com/fs/starfarer/title/Object/A/super	com/fs/starfarer/title/Object/oOOO/oOOOOOOOOOOOOOOOOOOOOOOOOOOOOOOOOOOOOOOOOOOOOOOOOOOOOOOOOOOOOOOOOOOOOOOOOOOOOOOOOOOOOOOOOOOOOOOOOOOOOOOOOOOOOOOOOOOOOOOOOOOOOOOOOOOOOOOOOOOOOOOOOOOOOOOOOOOOOOOOOOOOOOOOOOOOOOOOOOOOOOOOOOOOOOOOOOOOOOOOOOOOOOOOOOOOOOOOOOOOOOOOOOOOOOOOOOOOOOOOOOOOOOOOOOOOOOOO
com/fs/starfarer/title/Object/do	com/fs/starfarer/title/Object/M
com/fs/starfarer/title/Object/L	com/fs/starfarer/title/Object/OO0O
com/fs/starfarer/title/Object/L$Oo	com/fs/starfarer/title/Object/OO0O$Oo
com/fs/starfarer/title/Object/Oo0O	com/fs/starfarer/title/Object/Oo0O
com/fs/starfarer/title/oOOO	com/fs/starfarer/title/oOOO
com/fs/starfarer/title/OoOOOOOOOOOOOOOOOOOOOOOOOOOOOOOOOOOOOOOOOOOOOOOOOOOOOOOOOOOOOOOOOOOOOOOOOOOOOOOOOOOOOOOOOOOOOOOOOOOOOOOOOOOOOOOOOOOOOOOOOOOOOOOOOOOOOOOOOOOOOOOOOOOOOOOOOOOOOOOOOOOOOOOOOOOOOOOOOOOOOOOOOOOOOOOOOOOOOOOOOOOOOOOOOOOOOOOOOOOOOOOOOOOOOOOOOOOOOOOOOOOOOOOOOOOOOOOO/oOOO	com/fs/starfarer/title/B/super
com/fs/starfarer/title/OoOOOOOOOOOOOOOOOOOOOOOOOOOOOOOOOOOOOOOOOOOOOOOOOOOOOOOOOOOOOOOOOOOOOOOOOOOOOOOOOOOOOOOOOOOOOOOOOOOOOOOOOOOOOOOOOOOOOOOOOOOOOOOOOOOOOOOOOOOOOOOOOOOOOOOOOOOOOOOOOOOOOOOOOOOOOOOOOOOOOOOOOOOOOOOOOOOOOOOOOOOOOOOOOOOOOOOOOOOOOOOOOOOOOOOOOOOOOOOOOOOOOOOOOOOOOOOO/OoOOOOOOOOOOOOOOOOOOOOOOOOOOOOOOOOOOOOOOOOOOOOOOOOOOOOOOOOOOOOOOOOOOOOOOOOOOOOOOOOOOOOOOOOOOOOOOOOOOOOOOOOOOOOOOOOOOOOOOOOOOOOOOOOOOOOOOOOOOOOOOOOOOOOOOOOOOOOOOOOOOOOOOOOOOOOOOOOOOOOOOOOOOOOOOOOOOOOOOOOOOOOOOOOOOOOOOOOOOOOOOOOOOOOOOOOOOOOOOOOOOOOOOOOOOOOOO	com/fs/starfarer/title/B/B
com/fs/starfarer/title/OoOOOOOOOOOOOOOOOOOOOOOOOOOOOOOOOOOOOOOOOOOOOOOOOOOOOOOOOOOOOOOOOOOOOOOOOOOOOOOOOOOOOOOOOOOOOOOOOOOOOOOOOOOOOOOOOOOOOOOOOOOOOOOOOOOOOOOOOOOOOOOOOOOOOOOOOOOOOOOOOOOOOOOOOOOOOOOOOOOOOOOOOOOOOOOOOOOOOOOOOOOOOOOOOOOOOOOOOOOOOOOOOOOOOOOOOOOOOOOOOOOOOOOOOOOOOOOO/OoOOOOOOOOOOOOOOOOOOOOOOOOOOOOOOOOOOOOOOOOOOOOOOOOOOOOOOOOOOOOOOOOOOOOOOOOOOOOOOOOOOOOOOOOOOOOOOOOOOOOOOOOOOOOOOOOOOOOOOOOOOOOOOOOOOOOOOOOOOOOOOOOOOOOOOOOOOOOOOOOOOOOOOOOOOOOOOOOOOOOOOOOOOOOOOOOOOOOOOOOOOOOOOOOOOOOOOOOOOOOOOOOOOOOOOOOOOOOOOOOOOOOOOOOOOOOOO$o	com/fs/starfarer/title/B/B$o
com/fs/starfarer/title/OoOOOOOOOOOOOOOOOOOOOOOOOOOOOOOOOOOOOOOOOOOOOOOOOOOOOOOOOOOOOOOOOOOOOOOOOOOOOOOOOOOOOOOOOOOOOOOOOOOOOOOOOOOOOOOOOOOOOOOOOOOOOOOOOOOOOOOOOOOOOOOOOOOOOOOOOOOOOOOOOOOOOOOOOOOOOOOOOOOOOOOOOOOOOOOOOOOOOOOOOOOOOOOOOOOOOOOOOOOOOOOOOOOOOOOOOOOOOOOOOOOOOOOOOOOOOOOO/OoOOOOOOOOOOOOOOOOOOOOOOOOOOOOOOOOOOOOOOOOOOOOOOOOOOOOOOOOOOOOOOOOOOOOOOOOOOOOOOOOOOOOOOOOOOOOOOOOOOOOOOOOOOOOOOOOOOOOOOOOOOOOOOOOOOOOOOOOOOOOOOOOOOOOOOOOOOOOOOOOOOOOOOOOOOOOOOOOOOOOOOOOOOOOOOOOOOOOOOOOOOOOOOOOOOOOOOOOOOOOOOOOOOOOOOOOOOOOOOOOOOOOOOOOOOOOOO$oo	com/fs/starfarer/title/B/B$oo
com/fs/starfarer/title/String	com/fs/starfarer/title/String
com/fs/starfarer/tutorial/H	com/fs/starfarer/tutorial/void
com/fs/starfarer/ui/c	com/fs/starfarer/ui/OO0o
com/fs/starfarer/ui/d	com/fs/starfarer/ui/d
com/fs/starfarer/ui/impl/O	com/fs/starfarer/ui/impl/oo0OOOOOOOOOOOOOOOOOOOOOOOOOOOOOOOOOOOOOOOOOOOOOOOOOOOOOOOOOOOOOOOOOOOOOOOOOOOOOOOOOOOOOOOOOOOOOOOOOOOOOOOOOOOOOOOOOOOOOOOOOOOOOOOOOOOOOOOOOOOOOOOOOOOOOOOOOOOOOOOOOOOOOOOOOOOOOOOOOOOOOOOOOOOOOOOOOOOOOOOOOOOOOOOOOOOOOOOOOOOOOOOOOOOOOOOOOOOOOOOOOOOOOOOOOOOOO
com/fs/starfarer/ui/impl/o0OO	com/fs/starfarer/ui/impl/E
com/fs/starfarer/ui/impl/oO0O	com/fs/starfarer/ui/impl/oO0O
com/fs/starfarer/ui/impl/oooO	com/fs/starfarer/ui/impl/if
com/fs/starfarer/ui/interfacenew	com/fs/starfarer/ui/z
com/fs/starfarer/ui/newui/o0Oo	com/fs/starfarer/ui/newui/o0Oo
com/fs/starfarer/ui/oo0O	com/fs/starfarer/ui/oo0O
com/fs/starfarer/ui/OO0O	com/fs/starfarer/ui/OO0OOOOOOOOOOOOOOOOOOOOOOOOOOOOOOOOOOOOOOOOOOOOOOOOOOOOOOOOOOOOOOOOOOOOOOOOOOOOOOOOOOOOOOOOOOOOOOOOOOOOOOOOOOOOOOOOOOOOOOOOOOOOOOOOOOOOOOOOOOOOOOOOOOOOOOOOOOOOOOOOOOOOOOOOOOOOOOOOOOOOOOOOOOOOOOOOOOOOOOOOOOOOOOOOOOOOOOOOOOOOOOOOOOOOOOOOOOOOOOOOOOOOOOOOOOOOO
com/fs/starfarer/ui/Ooo0OOOOOOOOOOOOOOOOOOOOOOOOOOOOOOOOOOOOOOOOOOOOOOOOOOOOOOOOOOOOOOOOOOOOOOOOOOOOOOOOOOOOOOOOOOOOOOOOOOOOOOOOOOOOOOOOOOOOOOOOOOOOOOOOOOOOOOOOOOOOOOOOOOOOOOOOOOOOOOOOOOOOOOOOOOOOOOOOOOOOOOOOOOOOOOOOOOOOOOOOOOOOOOOOOOOOOOOOOOOOOOOOOOOOOOOOOOOOOOOOOOOOOOOOOOOO	com/fs/starfarer/ui/q
com/fs/starfarer/ui/W	com/fs/starfarer/ui/O0Oo
com/fs/starfarer/util/A	com/fs/starfarer/util/super
com/fs/starfarer/util/A/A	com/fs/starfarer/util/super/A
com/fs/starfarer/util/A/C	com/fs/starfarer/util/super/Object
com/fs/starfarer/util/A/new	com/fs/starfarer/util/super/B
com/fs/starfarer/util/B	com/fs/starfarer/util/B
com/fs/starfarer/util/IntervalTracker	com/fs/starfarer/util/IntervalTracker
com/fs/starfarer/util/return	com/fs/starfarer/util/F
com/fs/starfarer/Version	com/fs/starfarer/Version
com/fs/state/AppDriver	com/fs/state/AppDriver
com/fs/util/C	com/fs/util/ooOOOOOOOOOOOOOOOOOOOOOOOOOOOOOOOOOOOOOOOOOOOOOOOOOOOOOOOOOOOOOOOOOOOOOOOOOOOOOOOOOOOOOOOOOOOOOOOOOOOOOOOOOOOOOOOOOOOOOOOOOOOOOOOOOOOOOOOOOOOOOOOOOOOOOOOOOOOOOOOOOOOOOOOOOOOOOOOOOOOOOOOOOOOOOOOOOOOOOOOOOOOOOOOOOOOOOOOOOOOOOOOOOOOOOOOOOOOOOOOOOOOOOOOOOOOOOO
com/fs/util/C$1	com/fs/util/ooOOOOOOOOOOOOOOOOOOOOOOOOOOOOOOOOOOOOOOOOOOOOOOOOOOOOOOOOOOOOOOOOOOOOOOOOOOOOOOOOOOOOOOOOOOOOOOOOOOOOOOOOOOOOOOOOOOOOOOOOOOOOOOOOOOOOOOOOOOOOOOOOOOOOOOOOOOOOOOOOOOOOOOOOOOOOOOOOOOOOOOOOOOOOOOOOOOOOOOOOOOOOOOOOOOOOOOOOOOOOOOOOOOOOOOOOOOOOOOOOOOOOOOOOOOOOOO$1
com/fs/util/C$2	com/fs/util/ooOOOOOOOOOOOOOOOOOOOOOOOOOOOOOOOOOOOOOOOOOOOOOOOOOOOOOOOOOOOOOOOOOOOOOOOOOOOOOOOOOOOOOOOOOOOOOOOOOOOOOOOOOOOOOOOOOOOOOOOOOOOOOOOOOOOOOOOOOOOOOOOOOOOOOOOOOOOOOOOOOOOOOOOOOOOOOOOOOOOOOOOOOOOOOOOOOOOOOOOOOOOOOOOOOOOOOOOOOOOOOOOOOOOOOOOOOOOOOOOOOOOOOOOOOOOOOO$2
com/fs/util/C$o	com/fs/util/ooOOOOOOOOOOOOOOOOOOOOOOOOOOOOOOOOOOOOOOOOOOOOOOOOOOOOOOOOOOOOOOOOOOOOOOOOOOOOOOOOOOOOOOOOOOOOOOOOOOOOOOOOOOOOOOOOOOOOOOOOOOOOOOOOOOOOOOOOOOOOOOOOOOOOOOOOOOOOOOOOOOOOOOOOOOOOOOOOOOOOOOOOOOOOOOOOOOOOOOOOOOOOOOOOOOOOOOOOOOOOOOOOOOOOOOOOOOOOOOOOOOOOOOOOOOOOOO$o
com/fs/util/C$Oo	com/fs/util/ooOOOOOOOOOOOOOOOOOOOOOOOOOOOOOOOOOOOOOOOOOOOOOOOOOOOOOOOOOOOOOOOOOOOOOOOOOOOOOOOOOOOOOOOOOOOOOOOOOOOOOOOOOOOOOOOOOOOOOOOOOOOOOOOOOOOOOOOOOOOOOOOOOOOOOOOOOOOOOOOOOOOOOOOOOOOOOOOOOOOOOOOOOOOOOOOOOOOOOOOOOOOOOOOOOOOOOOOOOOOOOOOOOOOOOOOOOOOOOOOOOOOOOOOOOOOOOO$Oo
com/fs/util/container/repo/ObjectRepository	com/fs/util/container/repo/ObjectRepository
com/fs/starfarer/loading/specs/N	com/fs/starfarer/loading/specs/F
com/fs/starfarer/combat/systems/D	com/fs/starfarer/combat/systems/G
