com/fs/graphics/A/D	com/fs/graphics/A/String
com/fs/graphics/A/F	com/fs/graphics/A/OOoO
com/fs/graphics/A/ooOOOOOOOOOOOOOOOOOOOOOOOOOOOOOOOOOOOOOOOOOOOOOOOOOOOOOOOOOOOOOOOOOOOOOOOOOOOOOOOOOOOOOOOOOOOOOOOOOOOOOOOOOOOOOOOOOOOOOOOOOOOOOOOOOOOOOOOOOOOOOOOOOOOOOOOOOOOOOOOOOOOOOOOOOOOOOOOOOOOOOOOOOOOOOOOOOOOOOOOOOOOOOOOOOOOOOOOOOOOOOOOOOOOOOOOOOOOOOOOOOOOOOOOOOOOOOO	com/fs/graphics/A/C
com/fs/graphics/I	com/fs/graphics/oooO
com/fs/graphics/do	com/fs/graphics/oO0O
com/fs/graphics/oOoO	com/fs/graphics/void
com/fs/starfarer/campaign/rules/oOOO	com/fs/starfarer/campaign/rules/super
com/fs/starfarer/campaign/save/B	com/fs/starfarer/campaign/save/new
com/fs/starfarer/combat/A/B$Oo	com/fs/starfarer/combat/A/oOOO$Oo
com/fs/starfarer/combat/A/B$o0	com/fs/starfarer/combat/A/oOOO$O0
com/fs/starfarer/combat/A/oOoO	com/fs/starfarer/combat/A/F
com/fs/starfarer/combat/B	com/fs/starfarer/combat/OoOO
com/fs/starfarer/combat/B$o	com/fs/starfarer/combat/OoOO$o
com/fs/starfarer/combat/E	com/fs/starfarer/combat/class
com/fs/starfarer/combat/E$Oo	com/fs/starfarer/combat/class$Oo
com/fs/starfarer/combat/E$o	com/fs/starfarer/combat/class$o
com/fs/starfarer/combat/H	com/fs/starfarer/combat/null
com/fs/starfarer/combat/L	com/fs/starfarer/combat/OO0O
com/fs/starfarer/combat/O0OO	com/fs/starfarer/combat/O0OOOOOOOOOOOOOOOOOOOOOOOOOOOOOOOOOOOOOOOOOOOOOOOOOOOOOOOOOOOOOOOOOOOOOOOOOOOOOOOOOOOOOOOOOOOOOOOOOOOOOOOOOOOOOOOOOOOOOOOOOOOOOOOOOOOOOOOOOOOOOOOOOOOOOOOOOOOOOOOOOOOOOOOOOOOOOOOOOOOOOOOOOOOOOOOOOOOOOOOOOOOOOOOOOOOOOOOOOOOOOOOOOOOOOOOOOOOOOOOOOOOOOOOOOOOOOO
com/fs/starfarer/combat/OOOo	com/fs/starfarer/combat/O00O
com/fs/starfarer/combat/OOoOOOOOOOOOOOOOOOOOOOOOOOOOOOOOOOOOOOOOOOOOOOOOOOOOOOOOOOOOOOOOOOOOOOOOOOOOOOOOOOOOOOOOOOOOOOOOOOOOOOOOOOOOOOOOOOOOOOOOOOOOOOOOOOOOOOOOOOOOOOOOOOOOOOOOOOOOOOOOOOOOOOOOOOOOOOOOOOOOOOOOOOOOOOOOOOOOOOOOOOOOOOOOOOOOOOOOOOOOOOOOOOOOOOOOOOOOOOOOOOOOOOOOOOOOOOOO	com/fs/starfarer/combat/return
com/fs/starfarer/combat/Q	com/fs/starfarer/combat/R
com/fs/starfarer/combat/ai/M	com/fs/starfarer/combat/ai/do
com/fs/starfarer/combat/ai/o0oO	com/fs/starfarer/combat/ai/K
com/fs/starfarer/combat/entities/C	com/fs/starfarer/combat/entities/ooOOOOOOOOOOOOOOOOOOOOOOOOOOOOOOOOOOOOOOOOOOOOOOOOOOOOOOOOOOOOOOOOOOOOOOOOOOOOOOOOOOOOOOOOOOOOOOOOOOOOOOOOOOOOOOOOOOOOOOOOOOOOOOOOOOOOOOOOOOOOOOOOOOOOOOOOOOOOOOOOOOOOOOOOOOOOOOOOOOOOOOOOOOOOOOOOOOOOOOOOOOOOOOOOOOOOOOOOOOOOOOOOOOOOOOOOOOOOOOOOOOOOOOOOOOOOOO
com/fs/starfarer/combat/entities/if	com/fs/starfarer/combat/entities/J
com/fs/starfarer/combat/entities/oO0OOOOOOOOOOOOOOOOOOOOOOOOOOOOOOOOOOOOOOOOOOOOOOOOOOOOOOOOOOOOOOOOOOOOOOOOOOOOOOOOOOOOOOOOOOOOOOOOOOOOOOOOOOOOOOOOOOOOOOOOOOOOOOOOOOOOOOOOOOOOOOOOOOOOOOOOOOOOOOOOOOOOOOOOOOOOOOOOOOOOOOOOOOOOOOOOOOOOOOOOOOOOOOOOOOOOOOOOOOOOOOOOOOOOOOOOOOOOOOOOOOOOOOOOOOOOO	com/fs/starfarer/combat/entities/do
com/fs/starfarer/combat/entities/ship/A/OoOO	com/fs/starfarer/combat/entities/ship/A/Object
com/fs/starfarer/combat/entities/ship/A/OooO	com/fs/starfarer/combat/entities/ship/A/null
com/fs/starfarer/combat/entities/ship/A/class	com/fs/starfarer/combat/entities/ship/A/o0OO
com/fs/starfarer/combat/entities/ship/o0OO	com/fs/starfarer/combat/entities/ship/E
com/fs/starfarer/combat/entities/terrain/A	com/fs/starfarer/combat/entities/terrain/super
com/fs/starfarer/combat/oOOO	com/fs/starfarer/combat/A
com/fs/starfarer/combat/oooO	com/fs/starfarer/combat/I
com/fs/starfarer/combat/private	com/fs/starfarer/combat/o00O
com/fs/starfarer/combat/systems/G	com/fs/starfarer/combat/systems/void
com/fs/starfarer/combat/systems/o00O	com/fs/starfarer/combat/systems/interface
com/fs/starfarer/combat/tasks/Object	com/fs/starfarer/combat/tasks/C
com/fs/starfarer/combat/tasks/Object$o	com/fs/starfarer/combat/tasks/C$o
com/fs/starfarer/coreui/refit/auto/OOoO	com/fs/starfarer/coreui/refit/auto/F
com/fs/starfarer/launcher/opengl/F	com/fs/starfarer/launcher/opengl/OOoO
com/fs/starfarer/loading/B	com/fs/starfarer/loading/OoOOOOOOOOOOOOOOOOOOOOOOOOOOOOOOOOOOOOOOOOOOOOOOOOOOOOOOOOOOOOOOOOOOOOOOOOOOOOOOOOOOOOOOOOOOOOOOOOOOOOOOOOOOOOOOOOOOOOOOOOOOOOOOOOOOOOOOOOOOOOOOOOOOOOOOOOOOOOOOOOOOOOOOOOOOOOOOOOOOOOOOOOOOOOOOOOOOOOOOOOOOOOOOOOOOOOOOOOOOOOOOOOOOOOOOOOOOOOOOOOOOOOOOOOOOOOOO
com/fs/starfarer/loading/K	com/fs/starfarer/loading/o0oO
com/fs/starfarer/loading/L	com/fs/starfarer/loading/OO0O
com/fs/starfarer/loading/O0Oo	com/fs/starfarer/loading/V
com/fs/starfarer/loading/O0oO	com/fs/starfarer/loading/if
com/fs/starfarer/loading/O0oO$o	com/fs/starfarer/loading/if$o
com/fs/starfarer/loading/OOoOOOOOOOOOOOOOOOOOOOOOOOOOOOOOOOOOOOOOOOOOOOOOOOOOOOOOOOOOOOOOOOOOOOOOOOOOOOOOOOOOOOOOOOOOOOOOOOOOOOOOOOOOOOOOOOOOOOOOOOOOOOOOOOOOOOOOOOOOOOOOOOOOOOOOOOOOOOOOOOOOOOOOOOOOOOOOOOOOOOOOOOOOOOOOOOOOOOOOOOOOOOOOOOOOOOOOOOOOOOOOOOOOOOOOOOOOOOOOOOOOOOOOOOOOOOOO	com/fs/starfarer/loading/return
com/fs/starfarer/loading/Objectsuper	com/fs/starfarer/loading/U
com/fs/starfarer/loading/P	com/fs/starfarer/loading/O00O
com/fs/starfarer/loading/Q	com/fs/starfarer/loading/interface
com/fs/starfarer/loading/S	com/fs/starfarer/loading/oOOoOOOOOOOOOOOOOOOOOOOOOOOOOOOOOOOOOOOOOOOOOOOOOOOOOOOOOOOOOOOOOOOOOOOOOOOOOOOOOOOOOOOOOOOOOOOOOOOOOOOOOOOOOOOOOOOOOOOOOOOOOOOOOOOOOOOOOOOOOOOOOOOOOOOOOOOOOOOOOOOOOOOOOOOOOOOOOOOOOOOOOOOOOOOOOOOOOOOOOOOOOOOOOOOOOOOOOOOOOOOOOOOOOOOOOOOOOOOOOOOOOOOOOOOOOOOO
com/fs/starfarer/loading/String	com/fs/starfarer/loading/D
com/fs/starfarer/loading/X	com/fs/starfarer/loading/OOoo
com/fs/starfarer/loading/int	com/fs/starfarer/loading/I
com/fs/starfarer/loading/o0OO	com/fs/starfarer/loading/E
com/fs/starfarer/loading/oO0O	com/fs/starfarer/loading/M
com/fs/starfarer/loading/oo0O	com/fs/starfarer/loading/public
com/fs/starfarer/loading/scripts/B	com/fs/starfarer/loading/scripts/OoOO
com/fs/starfarer/loading/specs/F	com/fs/starfarer/loading/specs/OOoO
com/fs/starfarer/loading/specs/H	com/fs/starfarer/loading/specs/null
com/fs/starfarer/loading/specs/J	com/fs/starfarer/loading/specs/if
com/fs/starfarer/loading/specs/K	com/fs/starfarer/loading/specs/o0oOOOOOOOOOOOOOOOOOOOOOOOOOOOOOOOOOOOOOOOOOOOOOOOOOOOOOOOOOOOOOOOOOOOOOOOOOOOOOOOOOOOOOOOOOOOOOOOOOOOOOOOOOOOOOOOOOOOOOOOOOOOOOOOOOOOOOOOOOOOOOOOOOOOOOOOOOOOOOOOOOOOOOOOOOOOOOOOOOOOOOOOOOOOOOOOOOOOOOOOOOOOOOOOOOOOOOOOOOOOOOOOOOOOOOOOOOOOOOOOOOOOOOOOOOOOOO
com/fs/starfarer/loading/specs/O0OOOOOOOOOOOOOOOOOOOOOOOOOOOOOOOOOOOOOOOOOOOOOOOOOOOOOOOOOOOOOOOOOOOOOOOOOOOOOOOOOOOOOOOOOOOOOOOOOOOOOOOOOOOOOOOOOOOOOOOOOOOOOOOOOOOOOOOOOOOOOOOOOOOOOOOOOOOOOOOOOOOOOOOOOOOOOOOOOOOOOOOOOOOOOOOOOOOOOOOOOOOOOOOOOOOOOOOOOOOOOOOOOOOOOOOOOOOOOOOOOOOOOOOOOOOOOO	com/fs/starfarer/loading/specs/D
com/fs/starfarer/loading/specs/O0OOOOOOOOOOOOOOOOOOOOOOOOOOOOOOOOOOOOOOOOOOOOOOOOOOOOOOOOOOOOOOOOOOOOOOOOOOOOOOOOOOOOOOOOOOOOOOOOOOOOOOOOOOOOOOOOOOOOOOOOOOOOOOOOOOOOOOOOOOOOOOOOOOOOOOOOOOOOOOOOOOOOOOOOOOOOOOOOOOOOOOOOOOOOOOOOOOOOOOOOOOOOOOOOOOOOOOOOOOOOOOOOOOOOOOOOOOOOOOOOOOOOOOOOOOOOOO$Oo	com/fs/starfarer/loading/specs/D$Oo
com/fs/starfarer/loading/specs/OOO0	com/fs/starfarer/loading/specs/i
com/fs/starfarer/loading/specs/OOOo	com/fs/starfarer/loading/specs/thissuper
com/fs/starfarer/loading/specs/Object	com/fs/starfarer/loading/specs/C
com/fs/starfarer/loading/specs/OoOO	com/fs/starfarer/loading/specs/B
com/fs/starfarer/loading/specs/Stringsuper	com/fs/starfarer/loading/specs/V
com/fs/starfarer/loading/specs/W	com/fs/starfarer/loading/specs/o0Oo
com/fs/starfarer/loading/specs/_	com/fs/starfarer/loading/specs/intsuper
com/fs/starfarer/loading/specs/a	com/fs/starfarer/loading/specs/O0ooOOOOOOOOOOOOOOOOOOOOOOOOOOOOOOOOOOOOOOOOOOOOOOOOOOOOOOOOOOOOOOOOOOOOOOOOOOOOOOOOOOOOOOOOOOOOOOOOOOOOOOOOOOOOOOOOOOOOOOOOOOOOOOOOOOOOOOOOOOOOOOOOOOOOOOOOOOOOOOOOOOOOOOOOOOOOOOOOOOOOOOOOOOOOOOOOOOOOOOOOOOOOOOOOOOOOOOOOOOOOOOOOOOOOOOOOOOOOOOOOOOOOOOOOOOOO
com/fs/starfarer/loading/specs/b	com/fs/starfarer/loading/specs/floatsuper
com/fs/starfarer/loading/specs/do	com/fs/starfarer/loading/specs/oO0O
com/fs/starfarer/loading/specs/forsuper	com/fs/starfarer/loading/specs/OO0o
com/fs/starfarer/loading/specs/int	com/fs/starfarer/loading/specs/I
com/fs/starfarer/loading/specs/nullsuper	com/fs/starfarer/loading/specs/voidsuper
com/fs/starfarer/loading/specs/nullsuper$o	com/fs/starfarer/loading/specs/voidsuper$o
com/fs/starfarer/loading/specs/o00o	com/fs/starfarer/loading/specs/interfacesuper
com/fs/starfarer/loading/specs/oOOO	com/fs/starfarer/loading/specs/super
com/fs/starfarer/loading/specs/oOOo	com/fs/starfarer/loading/specs/S
com/fs/starfarer/renderers/A/C	com/fs/starfarer/renderers/A/new
com/fs/starfarer/renderers/A/null	com/fs/starfarer/renderers/A/OooO
com/fs/starfarer/renderers/B	com/fs/starfarer/renderers/OoOO
com/fs/starfarer/renderers/H	com/fs/starfarer/renderers/null
com/fs/starfarer/renderers/L	com/fs/starfarer/renderers/for
com/fs/starfarer/renderers/L$Oo	com/fs/starfarer/renderers/for$Oo
com/fs/starfarer/renderers/O	com/fs/starfarer/renderers/oo0O
com/fs/starfarer/renderers/O00O	com/fs/starfarer/renderers/P
com/fs/starfarer/renderers/Q	com/fs/starfarer/renderers/interface
com/fs/starfarer/renderers/damage/OooO	com/fs/starfarer/renderers/damage/H
com/fs/starfarer/renderers/super	com/fs/starfarer/renderers/oOOO
com/fs/starfarer/return/OoOOOOOOOOOOOOOOOOOOOOOOOOOOOOOOOOOOOOOOOOOOOOOOOOOOOOOOOOOOOOOOOOOOOOOOOOOOOOOOOOOOOOOOOOOOOOOOOOOOOOOOOOOOOOOOOOOOOOOOOOOOOOOOOOOOOOOOOOOOOOOOOOOOOOOOOOOOOOOOOOOOOOOOOOOOOOOOOOOOOOOOOOOOOOOOOOOOOOOOOOOOOOOOOOOOOOOOOOOOOOOOOOOOOOOOOOOOOOOOOOOOOOOOOOOOOOOO	com/fs/starfarer/return/OoOO
com/fs/starfarer/return/OoOOOOOOOOOOOOOOOOOOOOOOOOOOOOOOOOOOOOOOOOOOOOOOOOOOOOOOOOOOOOOOOOOOOOOOOOOOOOOOOOOOOOOOOOOOOOOOOOOOOOOOOOOOOOOOOOOOOOOOOOOOOOOOOOOOOOOOOOOOOOOOOOOOOOOOOOOOOOOOOOOOOOOOOOOOOOOOOOOOOOOOOOOOOOOOOOOOOOOOOOOOOOOOOOOOOOOOOOOOOOOOOOOOOOOOOOOOOOOOOOOOOOOOOOOOOOOO$o	com/fs/starfarer/return/OoOO$o
com/fs/starfarer/rpg/oOOOOOOOOOOOOOOOOOOOOOOOOOOOOOOOOOOOOOOOOOOOOOOOOOOOOOOOOOOOOOOOOOOOOOOOOOOOOOOOOOOOOOOOOOOOOOOOOOOOOOOOOOOOOOOOOOOOOOOOOOOOOOOOOOOOOOOOOOOOOOOOOOOOOOOOOOOOOOOOOOOOOOOOOOOOOOOOOOOOOOOOOOOOOOOOOOOOOOOOOOOOOOOOOOOOOOOOOOOOOOOOOOOOOOOOOOOOOOOOOOOOOOOOOOOOOOOO	com/fs/starfarer/rpg/A
com/fs/starfarer/settings/A	com/fs/starfarer/settings/super
com/fs/starfarer/super	com/fs/starfarer/oOOOOOOOOOOOOOOOOOOOOOOOOOOOOOOOOOOOOOOOOOOOOOOOOOOOOOOOOOOOOOOOOOOOOOOOOOOOOOOOOOOOOOOOOOOOOOOOOOOOOOOOOOOOOOOOOOOOOOOOOOOOOOOOOOOOOOOOOOOOOOOOOOOOOOOOOOOOOOOOOOOOOOOOOOOOOOOOOOOOOOOOOOOOOOOOOOOOOOOOOOOOOOOOOOOOOOOOOOOOOOOOOOOOOOOOOOOOOOOOOOOOOOOOOOOOOOOO
com/fs/starfarer/title/String	com/fs/starfarer/title/D
com/fs/starfarer/tutorial/H	com/fs/starfarer/tutorial/G
com/fs/starfarer/ui/Ooo0OOOOOOOOOOOOOOOOOOOOOOOOOOOOOOOOOOOOOOOOOOOOOOOOOOOOOOOOOOOOOOOOOOOOOOOOOOOOOOOOOOOOOOOOOOOOOOOOOOOOOOOOOOOOOOOOOOOOOOOOOOOOOOOOOOOOOOOOOOOOOOOOOOOOOOOOOOOOOOOOOOOOOOOOOOOOOOOOOOOOOOOOOOOOOOOOOOOOOOOOOOOOOOOOOOOOOOOOOOOOOOOOOOOOOOOOOOOOOOOOOOOOOOOOOOOO	com/fs/starfarer/ui/q
com/fs/starfarer/ui/W	com/fs/starfarer/ui/Stringsuper
com/fs/starfarer/ui/d	com/fs/starfarer/ui/dosuper
com/fs/starfarer/ui/impl/O	com/fs/starfarer/ui/impl/oo0OOOOOOOOOOOOOOOOOOOOOOOOOOOOOOOOOOOOOOOOOOOOOOOOOOOOOOOOOOOOOOOOOOOOOOOOOOOOOOOOOOOOOOOOOOOOOOOOOOOOOOOOOOOOOOOOOOOOOOOOOOOOOOOOOOOOOOOOOOOOOOOOOOOOOOOOOOOOOOOOOOOOOOOOOOOOOOOOOOOOOOOOOOOOOOOOOOOOOOOOOOOOOOOOOOOOOOOOOOOOOOOOOOOOOOOOOOOOOOOOOOOOOOOOOOOOO
com/fs/starfarer/ui/impl/o0OO	com/fs/starfarer/ui/impl/E
com/fs/starfarer/ui/impl/oO0O	com/fs/starfarer/ui/impl/M
com/fs/starfarer/ui/interfacenew	com/fs/starfarer/ui/o000OOOOOOOOOOOOOOOOOOOOOOOOOOOOOOOOOOOOOOOOOOOOOOOOOOOOOOOOOOOOOOOOOOOOOOOOOOOOOOOOOOOOOOOOOOOOOOOOOOOOOOOOOOOOOOOOOOOOOOOOOOOOOOOOOOOOOOOOOOOOOOOOOOOOOOOOOOOOOOOOOOOOOOOOOOOOOOOOOOOOOOOOOOOOOOOOOOOOOOOOOOOOOOOOOOOOOOOOOOOOOOOOOOOOOOOOOOOOOOOOOOOOOOOOOOOO
com/fs/starfarer/ui/newui/o0Oo	com/fs/starfarer/ui/newui/classsuper
com/fs/starfarer/util/B	com/fs/starfarer/util/new
com/fs/starfarer/campaign/rules/OoOOOOOOOOOOOOOOOOOOOOOOOOOOOOOOOOOOOOOOOOOOOOOOOOOOOOOOOOOOOOOOOOOOOOOOOOOOOOOOOOOOOOOOOOOOOOOOOOOOOOOOOOOOOOOOOOOOOOOOOOOOOOOOOOOOOOOOOOOOOOOOOOOOOOOOOOOOOOOOOOOOOOOOOOOOOOOOOOOOOOOOOOOOOOOOOOOOOOOOOOOOOOOOOOOOOOOOOOOOOOOOOOOOOOOOOOOOOOOOOOOOOOOOOOOOOOOO	com/fs/starfarer/campaign/rules/B
com/fs/starfarer/class/C	com/fs/starfarer/E/ooOO
com/fs/starfarer/class/C/C	com/fs/starfarer/E/C/C
com/fs/starfarer/class/C/oOoO	com/fs/starfarer/E/C/void
com/fs/starfarer/class/I	com/fs/starfarer/E/I
com/fs/starfarer/class/O0OO/C	com/fs/starfarer/E/String/D
com/fs/starfarer/class/new/C	com/fs/starfarer/E/new/ooOO
com/fs/starfarer/class/new/return	com/fs/starfarer/E/new/OOoO
com/fs/starfarer/combat/E/A/ooOO	com/fs/starfarer/combat/o0OO/oOOO/Object
com/fs/starfarer/combat/E/A/ooOO$Oo	com/fs/starfarer/combat/o0OO/oOOO/Object$Oo
com/fs/starfarer/combat/E/B	com/fs/starfarer/combat/o0OO/new
com/fs/starfarer/combat/E/F	com/fs/starfarer/combat/o0OO/F
com/fs/starfarer/combat/E/G	com/fs/starfarer/combat/o0OO/G
com/fs/starfarer/combat/E/oOOO	com/fs/starfarer/combat/o0OO/oOOO
com/fs/starfarer/combat/Object/String	com/fs/starfarer/combat/ooOOOOOOOOOOOOOOOOOOOOOOOOOOOOOOOOOOOOOOOOOOOOOOOOOOOOOOOOOOOOOOOOOOOOOOOOOOOOOOOOOOOOOOOOOOOOOOOOOOOOOOOOOOOOOOOOOOOOOOOOOOOOOOOOOOOOOOOOOOOOOOOOOOOOOOOOOOOOOOOOOOOOOOOOOOOOOOOOOOOOOOOOOOOOOOOOOOOOOOOOOOOOOOOOOOOOOOOOOOOOOOOOOOOOOOOOOOOOOOOOOOOOOOOOOOOOOO/class
com/fs/starfarer/combat/Object/oOOO	com/fs/starfarer/combat/ooOOOOOOOOOOOOOOOOOOOOOOOOOOOOOOOOOOOOOOOOOOOOOOOOOOOOOOOOOOOOOOOOOOOOOOOOOOOOOOOOOOOOOOOOOOOOOOOOOOOOOOOOOOOOOOOOOOOOOOOOOOOOOOOOOOOOOOOOOOOOOOOOOOOOOOOOOOOOOOOOOOOOOOOOOOOOOOOOOOOOOOOOOOOOOOOOOOOOOOOOOOOOOOOOOOOOOOOOOOOOOOOOOOOOOOOOOOOOOOOOOOOOOOOOOOOOOO/oOOOOOOOOOOOOOOOOOOOOOOOOOOOOOOOOOOOOOOOOOOOOOOOOOOOOOOOOOOOOOOOOOOOOOOOOOOOOOOOOOOOOOOOOOOOOOOOOOOOOOOOOOOOOOOOOOOOOOOOOOOOOOOOOOOOOOOOOOOOOOOOOOOOOOOOOOOOOOOOOOOOOOOOOOOOOOOOOOOOOOOOOOOOOOOOOOOOOOOOOOOOOOOOOOOOOOOOOOOOOOOOOOOOOOOOOOOOOOOOOOOOOOOOOOOOOOOO
com/fs/starfarer/combat/String/B	com/fs/starfarer/combat/O0OO/B
com/fs/starfarer/combat/new/OoOO	com/fs/starfarer/combat/OoOO/Object
com/fs/starfarer/combat/new/OoOO$o	com/fs/starfarer/combat/OoOO/Object$o
com/fs/starfarer/combat/new/T	com/fs/starfarer/combat/OoOO/newsuper
com/fs/starfarer/combat/new/int	com/fs/starfarer/combat/OoOO/oooO
com/fs/starfarer/title/Object/A/ooOO	com/fs/starfarer/title/C/A/Object
com/fs/starfarer/title/Object/A/super	com/fs/starfarer/title/C/A/A
com/fs/starfarer/title/Object/L	com/fs/starfarer/title/C/OO0O
com/fs/starfarer/title/Object/L$Oo	com/fs/starfarer/title/C/OO0O$Oo
com/fs/starfarer/title/Object/Oo0O	com/fs/starfarer/title/C/N
com/fs/starfarer/title/Object/do	com/fs/starfarer/title/C/do
com/fs/starfarer/title/OoOOOOOOOOOOOOOOOOOOOOOOOOOOOOOOOOOOOOOOOOOOOOOOOOOOOOOOOOOOOOOOOOOOOOOOOOOOOOOOOOOOOOOOOOOOOOOOOOOOOOOOOOOOOOOOOOOOOOOOOOOOOOOOOOOOOOOOOOOOOOOOOOOOOOOOOOOOOOOOOOOOOOOOOOOOOOOOOOOOOOOOOOOOOOOOOOOOOOOOOOOOOOOOOOOOOOOOOOOOOOOOOOOOOOOOOOOOOOOOOOOOOOOOOOOOOOOO/oOOO	com/fs/starfarer/title/B/super
com/fs/starfarer/util/A/A	com/fs/starfarer/util/super/A
com/fs/starfarer/util/A/C	com/fs/starfarer/util/super/Object
com/fs/starfarer/util/A/new	com/fs/starfarer/util/super/B
com/fs/graphics/L	com/fs/graphics/L
com/fs/graphics/L$1	com/fs/graphics/L$1
com/fs/graphics/LayeredRenderable	com/fs/graphics/LayeredRenderable
com/fs/graphics/LayeredRenderer	com/fs/graphics/LayeredRenderer
com/fs/graphics/LayeredRenderer$1	com/fs/graphics/LayeredRenderer$1
com/fs/graphics/Object	com/fs/graphics/Object
com/fs/graphics/Sprite	com/fs/graphics/Sprite
com/fs/graphics/TextureLoader	com/fs/graphics/TextureLoader
com/fs/graphics/anim/AnimationManager	com/fs/graphics/anim/AnimationManager
com/fs/graphics/particle/DynamicParticleGroup	com/fs/graphics/particle/DynamicParticleGroup
com/fs/graphics/particle/GenericTextureParticle	com/fs/graphics/particle/GenericTextureParticle
com/fs/graphics/particle/NebulaParticle	com/fs/graphics/particle/NebulaParticle
com/fs/graphics/particle/NegativeParticle	com/fs/graphics/particle/NegativeParticle
com/fs/graphics/particle/SmoothParticle	com/fs/graphics/particle/SmoothParticle
com/fs/graphics/util/A	com/fs/graphics/util/A
com/fs/graphics/util/B	com/fs/graphics/util/B
com/fs/graphics/util/Fader	com/fs/graphics/util/Fader
com/fs/graphics/util/GLListManager	com/fs/graphics/util/GLListManager
com/fs/profiler/Profiler	com/fs/profiler/Profiler
com/fs/starfarer/BaseGameState	com/fs/starfarer/BaseGameState
com/fs/starfarer/D/M	com/fs/starfarer/D/for
com/fs/starfarer/D/return	com/fs/starfarer/D/return
com/fs/starfarer/O0OO	com/fs/starfarer/O0OO
com/fs/starfarer/StarfarerLauncher	com/fs/starfarer/StarfarerLauncher
com/fs/starfarer/StarfarerLauncher$1	com/fs/starfarer/StarfarerLauncher$1
com/fs/starfarer/StarfarerLauncher$2	com/fs/starfarer/StarfarerLauncher$2
com/fs/starfarer/Version	com/fs/starfarer/Version
com/fs/starfarer/campaign/CampaignEngine	com/fs/starfarer/campaign/CampaignEngine
com/fs/starfarer/campaign/CampaignState	com/fs/starfarer/campaign/CampaignState
com/fs/starfarer/campaign/CharacterStats	com/fs/starfarer/campaign/CharacterStats
com/fs/starfarer/campaign/WarpingSpriteRenderer	com/fs/starfarer/campaign/WarpingSpriteRenderer
com/fs/starfarer/campaign/fleet/FleetMember	com/fs/starfarer/campaign/fleet/FleetMember
com/fs/starfarer/campaign/rules/Memory	com/fs/starfarer/campaign/rules/Memory
com/fs/starfarer/campaign/rules/Rules	com/fs/starfarer/campaign/rules/Rules
com/fs/starfarer/codex2/CodexDialog	com/fs/starfarer/codex2/CodexDialog
com/fs/starfarer/combat/A/B	com/fs/starfarer/combat/A/oOOO
com/fs/starfarer/combat/A/E	com/fs/starfarer/combat/A/E
com/fs/starfarer/combat/CombatEngine	com/fs/starfarer/combat/CombatEngine
com/fs/starfarer/combat/CombatEngine$1	com/fs/starfarer/combat/CombatEngine$1
com/fs/starfarer/combat/CombatEngine$2	com/fs/starfarer/combat/CombatEngine$2
com/fs/starfarer/combat/CombatEngine$3	com/fs/starfarer/combat/CombatEngine$3
com/fs/starfarer/combat/CombatFleetManager	com/fs/starfarer/combat/CombatFleetManager
com/fs/starfarer/combat/CombatFleetManager$DeploymentSpec	com/fs/starfarer/combat/CombatFleetManager$DeploymentSpec
com/fs/starfarer/combat/CombatFleetManager$O0	com/fs/starfarer/combat/CombatFleetManager$O0
com/fs/starfarer/combat/CombatFleetManager$oo	com/fs/starfarer/combat/CombatFleetManager$oo
com/fs/starfarer/combat/CombatMain	com/fs/starfarer/combat/CombatMain
com/fs/starfarer/combat/CombatState	com/fs/starfarer/combat/CombatState
com/fs/starfarer/combat/CombatState$1	com/fs/starfarer/combat/CombatState$1
com/fs/starfarer/combat/CombatState$Oo	com/fs/starfarer/combat/CombatState$Oo
com/fs/starfarer/combat/CombatState$o	com/fs/starfarer/combat/CombatState$o
com/fs/starfarer/combat/CombatViewport	com/fs/starfarer/combat/CombatViewport
com/fs/starfarer/combat/K	com/fs/starfarer/combat/K
com/fs/starfarer/combat/O	com/fs/starfarer/combat/O
com/fs/starfarer/combat/ai/AI	com/fs/starfarer/combat/ai/AI
com/fs/starfarer/combat/ai/BasicShipAI	com/fs/starfarer/combat/ai/BasicShipAI
com/fs/starfarer/combat/ai/N	com/fs/starfarer/combat/ai/OO0O
com/fs/starfarer/combat/ai/OO0O	com/fs/starfarer/combat/ai/N
com/fs/starfarer/combat/ai/OmniShieldControlAI	com/fs/starfarer/combat/ai/OmniShieldControlAI
com/fs/starfarer/combat/ai/ProximityFuseAI	com/fs/starfarer/combat/ai/ProximityFuseAI
com/fs/starfarer/combat/ai/admiral/AdmiralAI	com/fs/starfarer/combat/ai/admiral/AdmiralAI
com/fs/starfarer/combat/ai/admiral/G	com/fs/starfarer/combat/ai/admiral/G
com/fs/starfarer/combat/ai/admiral/G$o	com/fs/starfarer/combat/ai/admiral/G$o
com/fs/starfarer/combat/ai/movement/maneuvers/RetreatManeuver	com/fs/starfarer/combat/ai/movement/maneuvers/RetreatManeuver
com/fs/starfarer/combat/entities/BaseEntity	com/fs/starfarer/combat/entities/BaseEntity
com/fs/starfarer/combat/entities/BattleObjective	com/fs/starfarer/combat/entities/BattleObjective
com/fs/starfarer/combat/entities/ContrailEngine	com/fs/starfarer/combat/entities/ContrailEngine
com/fs/starfarer/combat/entities/CustomCombatEntity	com/fs/starfarer/combat/entities/CustomCombatEntity
com/fs/starfarer/combat/entities/DamagingExplosion	com/fs/starfarer/combat/entities/DamagingExplosion
com/fs/starfarer/combat/entities/Missile	com/fs/starfarer/combat/entities/Missile
com/fs/starfarer/combat/entities/MovingRay	com/fs/starfarer/combat/entities/MovingRay
com/fs/starfarer/combat/entities/Ship	com/fs/starfarer/combat/entities/Ship
com/fs/starfarer/combat/entities/Ship$Oo	com/fs/starfarer/combat/entities/Ship$Oo
com/fs/starfarer/combat/entities/Ship$ShipAIWrapper	com/fs/starfarer/combat/entities/Ship$ShipAIWrapper
com/fs/starfarer/combat/entities/Ship$oo	com/fs/starfarer/combat/entities/Ship$oo
com/fs/starfarer/combat/entities/ship/A/I	com/fs/starfarer/combat/entities/ship/A/I
com/fs/starfarer/combat/entities/ship/D	com/fs/starfarer/combat/entities/ship/D
com/fs/starfarer/combat/entities/terrain/Asteroid	com/fs/starfarer/combat/entities/terrain/Asteroid
com/fs/starfarer/combat/entities/terrain/Planet	com/fs/starfarer/combat/entities/terrain/Planet
com/fs/starfarer/combat/systems/EmpArcEntity	com/fs/starfarer/combat/systems/EmpArcEntity
com/fs/starfarer/combat/systems/EmpArcVisual	com/fs/starfarer/combat/systems/EmpArcVisual
com/fs/starfarer/combat/systems/F	com/fs/starfarer/combat/systems/F
com/fs/starfarer/combat/systems/WeaponGroup	com/fs/starfarer/combat/systems/WeaponGroup
com/fs/starfarer/combat/tasks/CombatTask	com/fs/starfarer/combat/tasks/CombatTask
com/fs/starfarer/combat/tasks/CombatTask$CombatTaskType	com/fs/starfarer/combat/tasks/CombatTask$CombatTaskType
com/fs/starfarer/combat/tasks/CombatTaskManager	com/fs/starfarer/combat/tasks/CombatTaskManager
com/fs/starfarer/launcher/ModManager	com/fs/starfarer/launcher/ModManager
com/fs/starfarer/launcher/ModManager$ModSpec	com/fs/starfarer/launcher/ModManager$ModSpec
com/fs/starfarer/launcher/ModManager$VersionInfo	com/fs/starfarer/launcher/ModManager$VersionInfo
com/fs/starfarer/launcher/StarfarerLauncherUI	com/fs/starfarer/launcher/StarfarerLauncherUI
com/fs/starfarer/launcher/ooOO	com/fs/starfarer/launcher/ooOO
com/fs/starfarer/launcher/opengl/GLLauncher	com/fs/starfarer/launcher/opengl/GLLauncher
com/fs/starfarer/loading/A	com/fs/starfarer/loading/A
com/fs/starfarer/loading/C	com/fs/starfarer/loading/C
com/fs/starfarer/loading/FighterWingSpreadsheetLoader	com/fs/starfarer/loading/FighterWingSpreadsheetLoader
com/fs/starfarer/loading/FleetCreationSpec	com/fs/starfarer/loading/FleetCreationSpec
com/fs/starfarer/loading/LoadingUtils	com/fs/starfarer/loading/LoadingUtils
com/fs/starfarer/loading/PersonNameStore	com/fs/starfarer/loading/PersonNameStore
com/fs/starfarer/loading/R	com/fs/starfarer/loading/R
com/fs/starfarer/loading/ResourceLoaderState	com/fs/starfarer/loading/ResourceLoaderState
com/fs/starfarer/loading/ResourceLoaderState$Oo	com/fs/starfarer/loading/ResourceLoaderState$Oo
com/fs/starfarer/loading/ResourceLoaderState$o	com/fs/starfarer/loading/ResourceLoaderState$o
com/fs/starfarer/loading/ShipHullSpecLoader	com/fs/starfarer/loading/ShipHullSpecLoader
com/fs/starfarer/loading/ShipHullSpreadsheetLoader	com/fs/starfarer/loading/ShipHullSpreadsheetLoader
com/fs/starfarer/loading/ShipNameStore	com/fs/starfarer/loading/ShipNameStore
com/fs/starfarer/loading/SkillSpec	com/fs/starfarer/loading/SkillSpec
com/fs/starfarer/loading/SkillSpec$SkillEffectSpec	com/fs/starfarer/loading/SkillSpec$SkillEffectSpec
com/fs/starfarer/loading/SpecStore	com/fs/starfarer/loading/SpecStore
com/fs/starfarer/loading/SpecStore$1	com/fs/starfarer/loading/SpecStore$1
com/fs/starfarer/loading/SpecStore$10	com/fs/starfarer/loading/SpecStore$10
com/fs/starfarer/loading/SpecStore$11	com/fs/starfarer/loading/SpecStore$11
com/fs/starfarer/loading/SpecStore$12	com/fs/starfarer/loading/SpecStore$12
com/fs/starfarer/loading/SpecStore$13	com/fs/starfarer/loading/SpecStore$13
com/fs/starfarer/loading/SpecStore$14	com/fs/starfarer/loading/SpecStore$14
com/fs/starfarer/loading/SpecStore$15	com/fs/starfarer/loading/SpecStore$15
com/fs/starfarer/loading/SpecStore$16	com/fs/starfarer/loading/SpecStore$16
com/fs/starfarer/loading/SpecStore$17	com/fs/starfarer/loading/SpecStore$17
com/fs/starfarer/loading/SpecStore$18	com/fs/starfarer/loading/SpecStore$18
com/fs/starfarer/loading/SpecStore$19	com/fs/starfarer/loading/SpecStore$19
com/fs/starfarer/loading/SpecStore$2	com/fs/starfarer/loading/SpecStore$2
com/fs/starfarer/loading/SpecStore$20	com/fs/starfarer/loading/SpecStore$20
com/fs/starfarer/loading/SpecStore$21	com/fs/starfarer/loading/SpecStore$21
com/fs/starfarer/loading/SpecStore$22	com/fs/starfarer/loading/SpecStore$22
com/fs/starfarer/loading/SpecStore$23	com/fs/starfarer/loading/SpecStore$23
com/fs/starfarer/loading/SpecStore$24	com/fs/starfarer/loading/SpecStore$24
com/fs/starfarer/loading/SpecStore$25	com/fs/starfarer/loading/SpecStore$25
com/fs/starfarer/loading/SpecStore$26	com/fs/starfarer/loading/SpecStore$26
com/fs/starfarer/loading/SpecStore$3	com/fs/starfarer/loading/SpecStore$3
com/fs/starfarer/loading/SpecStore$4	com/fs/starfarer/loading/SpecStore$4
com/fs/starfarer/loading/SpecStore$5	com/fs/starfarer/loading/SpecStore$5
com/fs/starfarer/loading/SpecStore$6	com/fs/starfarer/loading/SpecStore$6
com/fs/starfarer/loading/SpecStore$7	com/fs/starfarer/loading/SpecStore$7
com/fs/starfarer/loading/SpecStore$8	com/fs/starfarer/loading/SpecStore$8
com/fs/starfarer/loading/SpecStore$9	com/fs/starfarer/loading/SpecStore$9
com/fs/starfarer/loading/SpecStore$Oo	com/fs/starfarer/loading/SpecStore$Oo
com/fs/starfarer/loading/SpecStore$o	com/fs/starfarer/loading/SpecStore$o
com/fs/starfarer/loading/StarfarerStrings	com/fs/starfarer/loading/StarfarerStrings
com/fs/starfarer/loading/T	com/fs/starfarer/loading/T
com/fs/starfarer/loading/WeaponSpecLoader	com/fs/starfarer/loading/WeaponSpecLoader
com/fs/starfarer/loading/WeaponSpreadsheetLoader	com/fs/starfarer/loading/WeaponSpreadsheetLoader
com/fs/starfarer/loading/scripts/ScriptStore	com/fs/starfarer/loading/scripts/ScriptStore
com/fs/starfarer/loading/scripts/ScriptStore$1	com/fs/starfarer/loading/scripts/ScriptStore$1
com/fs/starfarer/loading/scripts/ScriptStore$2	com/fs/starfarer/loading/scripts/ScriptStore$2
com/fs/starfarer/loading/scripts/ScriptStore$3	com/fs/starfarer/loading/scripts/ScriptStore$3
com/fs/starfarer/loading/specs/BaseWeaponSpec	com/fs/starfarer/loading/specs/BaseWeaponSpec
com/fs/starfarer/loading/specs/FactionDoctrine	com/fs/starfarer/loading/specs/FactionDoctrine
com/fs/starfarer/loading/specs/FighterWingSpec	com/fs/starfarer/loading/specs/FighterWingSpec
com/fs/starfarer/loading/specs/HullVariantSpec	com/fs/starfarer/loading/specs/HullVariantSpec
com/fs/starfarer/loading/specs/O00O	com/fs/starfarer/loading/specs/O
com/fs/starfarer/loading/specs/Oo0O	com/fs/starfarer/loading/specs/Oo0O
com/fs/starfarer/loading/specs/Oo0O$Oo	com/fs/starfarer/loading/specs/Oo0O$Oo
com/fs/starfarer/loading/specs/PlanetSpec	com/fs/starfarer/loading/specs/PlanetSpec
com/fs/starfarer/loading/specs/Q	com/fs/starfarer/loading/specs/Q
com/fs/starfarer/loading/specs/X	com/fs/starfarer/loading/specs/X
com/fs/starfarer/loading/specs/e	com/fs/starfarer/loading/specs/e
com/fs/starfarer/loading/specs/g	com/fs/starfarer/loading/specs/g
com/fs/starfarer/loading/specs/oo0o	com/fs/starfarer/loading/specs/oo0o
com/fs/starfarer/prototype/Utils	com/fs/starfarer/prototype/Utils
com/fs/starfarer/renderers/damage/DebrisParticleSystem	com/fs/starfarer/renderers/damage/DebrisParticleSystem
com/fs/starfarer/renderers/damage/DebrisParticleSystem$o	com/fs/starfarer/renderers/damage/DebrisParticleSystem$o
com/fs/starfarer/renderers/damage/ExplosionParticleSystem	com/fs/starfarer/renderers/damage/ExplosionParticleSystem
com/fs/starfarer/renderers/fx/DetailedSmokeParticle	com/fs/starfarer/renderers/fx/DetailedSmokeParticle
com/fs/starfarer/rpg/Person	com/fs/starfarer/rpg/Person
com/fs/starfarer/settings/StarfarerSettings	com/fs/starfarer/settings/StarfarerSettings
com/fs/starfarer/title/oOOO	com/fs/starfarer/title/oOOO
com/fs/starfarer/ui/OO0O	com/fs/starfarer/ui/OO0O
com/fs/starfarer/ui/impl/oooO	com/fs/starfarer/ui/impl/oooO
com/fs/starfarer/ui/oo0O	com/fs/starfarer/ui/oo0O
com/fs/starfarer/util/A	com/fs/starfarer/util/A
com/fs/starfarer/util/IntervalTracker	com/fs/starfarer/util/IntervalTracker
com/fs/starfarer/util/return	com/fs/starfarer/util/return
com/fs/state/AppDriver	com/fs/state/AppDriver
com/fs/util/C	com/fs/util/C
com/fs/util/C$1	com/fs/util/C$1
com/fs/util/C$2	com/fs/util/C$2
com/fs/util/C$Oo	com/fs/util/C$Oo
com/fs/util/C$o	com/fs/util/C$o
com/fs/util/container/repo/ObjectRepository	com/fs/util/container/repo/ObjectRepository
com/fs/starfarer/title/OoOOOOOOOOOOOOOOOOOOOOOOOOOOOOOOOOOOOOOOOOOOOOOOOOOOOOOOOOOOOOOOOOOOOOOOOOOOOOOOOOOOOOOOOOOOOOOOOOOOOOOOOOOOOOOOOOOOOOOOOOOOOOOOOOOOOOOOOOOOOOOOOOOOOOOOOOOOOOOOOOOOOOOOOOOOOOOOOOOOOOOOOOOOOOOOOOOOOOOOOOOOOOOOOOOOOOOOOOOOOOOOOOOOOOOOOOOOOOOOOOOOOOOOOOOOOOOO/OoOOOOOOOOOOOOOOOOOOOOOOOOOOOOOOOOOOOOOOOOOOOOOOOOOOOOOOOOOOOOOOOOOOOOOOOOOOOOOOOOOOOOOOOOOOOOOOOOOOOOOOOOOOOOOOOOOOOOOOOOOOOOOOOOOOOOOOOOOOOOOOOOOOOOOOOOOOOOOOOOOOOOOOOOOOOOOOOOOOOOOOOOOOOOOOOOOOOOOOOOOOOOOOOOOOOOOOOOOOOOOOOOOOOOOOOOOOOOOOOOOOOOOOOOOOOOOO	com/fs/starfarer/title/B/B
com/fs/starfarer/title/OoOOOOOOOOOOOOOOOOOOOOOOOOOOOOOOOOOOOOOOOOOOOOOOOOOOOOOOOOOOOOOOOOOOOOOOOOOOOOOOOOOOOOOOOOOOOOOOOOOOOOOOOOOOOOOOOOOOOOOOOOOOOOOOOOOOOOOOOOOOOOOOOOOOOOOOOOOOOOOOOOOOOOOOOOOOOOOOOOOOOOOOOOOOOOOOOOOOOOOOOOOOOOOOOOOOOOOOOOOOOOOOOOOOOOOOOOOOOOOOOOOOOOOOOOOOOOOO/OoOOOOOOOOOOOOOOOOOOOOOOOOOOOOOOOOOOOOOOOOOOOOOOOOOOOOOOOOOOOOOOOOOOOOOOOOOOOOOOOOOOOOOOOOOOOOOOOOOOOOOOOOOOOOOOOOOOOOOOOOOOOOOOOOOOOOOOOOOOOOOOOOOOOOOOOOOOOOOOOOOOOOOOOOOOOOOOOOOOOOOOOOOOOOOOOOOOOOOOOOOOOOOOOOOOOOOOOOOOOOOOOOOOOOOOOOOOOOOOOOOOOOOOOOOOOOOO$o	com/fs/starfarer/title/B/B$o
com/fs/starfarer/title/OoOOOOOOOOOOOOOOOOOOOOOOOOOOOOOOOOOOOOOOOOOOOOOOOOOOOOOOOOOOOOOOOOOOOOOOOOOOOOOOOOOOOOOOOOOOOOOOOOOOOOOOOOOOOOOOOOOOOOOOOOOOOOOOOOOOOOOOOOOOOOOOOOOOOOOOOOOOOOOOOOOOOOOOOOOOOOOOOOOOOOOOOOOOOOOOOOOOOOOOOOOOOOOOOOOOOOOOOOOOOOOOOOOOOOOOOOOOOOOOOOOOOOOOOOOOOOOO/OoOOOOOOOOOOOOOOOOOOOOOOOOOOOOOOOOOOOOOOOOOOOOOOOOOOOOOOOOOOOOOOOOOOOOOOOOOOOOOOOOOOOOOOOOOOOOOOOOOOOOOOOOOOOOOOOOOOOOOOOOOOOOOOOOOOOOOOOOOOOOOOOOOOOOOOOOOOOOOOOOOOOOOOOOOOOOOOOOOOOOOOOOOOOOOOOOOOOOOOOOOOOOOOOOOOOOOOOOOOOOOOOOOOOOOOOOOOOOOOOOOOOOOOOOOOOOOO$oo	com/fs/starfarer/title/B/B$oo

# Proxy class renames (from obf_*.tsv)
proxy/com/fs/graphics/particle/DynamicParticleGroup	com/fs/graphics/particle/DynamicParticleGroup
proxy/com/fs/graphics/LayeredRenderable	com/fs/graphics/LayeredRenderable
proxy/com/fs/graphics/Sprite	com/fs/graphics/Sprite
proxy/com/fs/starfarer/combat/entities/CustomCombatEntity	com/fs/starfarer/combat/entities/CustomCombatEntity
proxy/com/fs/starfarer/combat/CombatViewport	com/fs/starfarer/combat/CombatViewport
proxy/com/fs/starfarer/loading/scripts/ScriptStore	com/fs/starfarer/loading/scripts/ScriptStore
proxy/com/fs/starfarer/loading/specs/BaseWeaponSpec	com/fs/starfarer/loading/specs/BaseWeaponSpec
proxy/com/fs/starfarer/renderers/damage/DebrisParticleSystem	com/fs/starfarer/renderers/damage/DebrisParticleSystem
proxy/com/fs/starfarer/renderers/damage/ExplosionParticleSystem	com/fs/starfarer/renderers/damage/ExplosionParticleSystem
proxy/com/fs/starfarer/settings/StarfarerSettings	com/fs/starfarer/settings/StarfarerSettings
proxy/com/fs/util/container/repo/ObjectRepository	com/fs/util/container/repo/ObjectRepository
proxy/sound/Sound	sound/Sound
proxy/com/fs/starfarer/loading/ResourceLoaderState	com/fs/starfarer/loading/ResourceLoaderState
proxy/com/fs/starfarer/loading/SpecStore	com/fs/starfarer/loading/SpecStore
proxy/com/fs/util/container/Pair	com/fs/util/container/Pair
proxy/com/fs/starfarer/campaign/fleet/FleetMember	com/fs/starfarer/campaign/fleet/FleetMember
proxy/com/fs/graphics/FileRepository	com/fs/graphics/L
proxy/com/fs/graphics/TextureRepository	com/fs/graphics/void
proxy/com/fs/graphics/AlphaAdder	com/fs/graphics/oO0O
proxy/com/fs/graphics/font/FontRepository	com/fs/graphics/A/String
proxy/com/fs/starfarer/loading/scripts/SecureClassLoader	com/fs/starfarer/loading/scripts/OoOO
proxy/com/fs/starfarer/loading/JavaSourceFinder	com/fs/starfarer/loading/U
proxy/com/fs/starfarer/loading/specs/ShipHullSpec	com/fs/starfarer/loading/specs/g
proxy/com/fs/util/ResourceLoader$ResourceLocationType	com/fs/util/C$o
proxy/com/fs/util/ResourceLoader$ResourceLocation	com/fs/util/C$Oo
proxy/com/fs/util/ResourceLoader	com/fs/util/C
proxy/com/fs/starfarer/renderers/FloatingTextManager	com/fs/starfarer/renderers/interface
proxy/com/fs/starfarer/campaign/save/ProgressBar	com/fs/starfarer/campaign/save/new
proxy/com/fs/graphics/TextureHandler	com/fs/graphics/Object
proxy/com/fs/graphics/TextureTransformer	com/fs/graphics/oooO
proxy/com/fs/starfarer/combat/ai/admiral/DeploymentManager	com/fs/starfarer/combat/ai/admiral/G
proxy/com/fs/starfarer/combat/ai/admiral/DeploymentManager$ReinforcementType	com/fs/starfarer/combat/ai/admiral/G$o
